CPO Name,Govt/Private,State,District,City/Village,Location,Latitude,Longitude,"Types of Chargers Installed/
Connector","Charger
Rating","Connector
Rating","No. of
Connector",1
Ather,Private,Tamil Nadu,Chennai,Chennai,"Madurantakam, Tamil Nadu 603306",12.500388,79.850105,"LEV DC Charge Point
(IS-17017-2-7)",3.3,3.3,1,922
Ather,Private,Tamil Nadu,Chennai,Chennai,Ecr,12.62381,80.194767,"LEV DC Charge Point
(IS-17017-2-7)",3.3,3.3,1,922
Ather,Private,Tamil Nadu,Chennai,Chennai,"2, Rv St, Chengalpattu, Tamil Nadu 603001",12.670306,79.975372,"LEV DC Charge Point
(IS-17017-2-7)",3.3,3.3,1,922
Ather,Private,Tamil Nadu,Chennai,Chennai,"Chitrakoot Complex,No.91/18A,Omr,Egattur Opp To
Flsmidth,Chennai-603103,Chengalpattu, District, Chennai, Tamil Nadu",12.82917,80.229853,"LEV DC Charge Point
(IS-17017-2-7)",3.3,3.3,1,923
Ather,Private,Tamil Nadu,Chennai,Chennai,"No: 245, Gst Road, Opp To Indian Oil Bunk, Urapakkam, Chennai, Tamil Nadu",12.85706,80.069486,"LEV DC Charge Point
(IS-17017-2-7)",3.3,3.3,1,923
Ather,Private,Tamil Nadu,Chennai,Chennai,"9&10, Tejraj Colony, Agaram Main Rd, Selaiyur, Chennai, Tamil Nadu",12.905671,80.142139,"LEV DC Charge Point
(IS-17017-2-7)",3.3,3.3,1,923
Ather,Private,Tamil Nadu,Chennai,Chennai,"9&10, Tejraj Colony, Agaram Main Rd, Selaiyur, Chennai, Tamil Nadu",12.905671,80.142139,"LEV DC Charge Point
(IS-17017-2-7)",3.3,3.3,1,923
Ather,Private,Tamil Nadu,Chennai,Chennai,"N0, 396/1, Mambakkam - Medavakkam Main Rd, Munusamy Nagar, Vimala
Nagar, Medavakkam",12.914959,80.192067,"LEV DC Charge Point
(IS-17017-2-7)",3.3,3.3,1,923
Ather,Private,Tamil Nadu,Chennai,Chennai,"W3Cv+F2R, Mudichur Rd, Bharathi Nagar, Tambaram, Old Perungalathur,
Tamil Nadu",12.921415,80.092385,"LEV DC Charge Point
(IS-17017-2-7)",3.3,3.3,1,923
Ather,Private,Tamil Nadu,Chennai,Chennai,"No.361,Omr Escapade, Mada Koil Street, Okkiam, Thoraipakkam,
Vivekananda Nagar, Thoraipakkam, Chennai, Tamil Nadu 600097",12.924971,80.233677,"LEV DC Charge Point
(IS-17017-2-7)",3.3,3.3,1,923
Ather,Private,Tamil Nadu,Chennai,Chennai,"38, Grand Southern Trunk Rd, Kadaperi, Tambaram, Chennai, Tamil Nadu
600045",12.934106,80.125249,"LEV DC Charge Point
(IS-17017-2-7)",3.3,3.3,1,923
Ather,Private,Tamil Nadu,Chennai,Chennai,"38, Grand Southern Trunk Rd, Kadaperi, Tambaram, Chennai, Tamil Nadu
600045",12.934106,80.125249,"LEV DC Charge Point
(IS-17017-2-7)",3.3,3.3,1,923
Ather,Private,Tamil Nadu,Chennai,Chennai,"No. 5 & 6 Next To Tollgate, 200 Feet Radial Rd, Oggiyamduraipakkam, Tamil
Nadu",12.950086,80.236563,"LEV DC Charge Point
(IS-17017-2-7)",3.3,3.3,1,923
Ather,Private,Tamil Nadu,Chennai,Chennai,"No. 5 & 6 Next To Tollgate, 200 Feet Radial Rd, Oggiyamduraipakkam, Tamil
Nadu",12.950086,80.236563,"LEV DC Charge Point
(IS-17017-2-7)",3.3,3.3,1,923
Ather,Private,Tamil Nadu,Chennai,Chennai,"No.93, Bazaar Road, Madipakkam Main Rd, Ram Nagar South, Madipakkam",12.964429,80.21189,"LEV DC Charge Point
(IS-17017-2-7)",3.3,3.3,1,923
Ather,Private,Tamil Nadu,Chennai,Chennai,"Old No- 4/330 New No- 4/477 Omr Road,Srp Tools Near,Kottivakkam,
Chennai -600041, Opposite To Ymca & Indianoil Petrol Bunk",12.976663,80.25135,"LEV DC Charge Point
(IS-17017-2-7)",3.3,3.3,1,923
Ather,Private,Tamil Nadu,Chennai,Chennai,"Old No- 4/330 New No- 4/477 Omr Road,Srp Tools Near,Kottivakkam,
Chennai -600041, Opposite To Ymca & Indianoil Petrol Bunk",12.976663,80.25135,"LEV DC Charge Point
(IS-17017-2-7)",3.3,3.3,1,923
Ather,Private,Tamil Nadu,Chennai,Chennai,"142, Velachery Rd Indira Gandhi Nagar, Velachery Chennai, Tamil Nadu
600042",12.992094,80.21715,"LEV DC Charge Point
(IS-17017-2-7)",3.3,3.3,1,923
Ather,Private,Tamil Nadu,Chennai,Chennai,"X5Wx+3F3, St.Thomas Mount Railway Station, Chennai, Tamil Nadu",12.99441,80.199288,"LEV DC Charge Point
(IS-17017-2-7)",3.3,3.3,1,923
Ather,Private,Tamil Nadu,Chennai,Chennai,"X5Wx+3F3, St.Thomas Mount Railway Station, Chennai, Tamil Nadu",12.99441,80.199288,"LEV DC Charge Point
(IS-17017-2-7)",3.3,3.3,1,923
Ather,Private,Tamil Nadu,Chennai,Chennai,"1, 10Th Cross St, Near Water Tank. Customer Care: 9940169111,
9789964111, Indira Nagar, Adyar, Chennai, Tamil Nadu",12.996663,80.251779,"LEV DC Charge Point
(IS-17017-2-7)",3.3,3.3,1,923
Ather,Private,Tamil Nadu,Chennai,Chennai,"Near 111-110, Mount Rd, Guindy Institutional Area, Little Mount, Guindy,
Chennai, Tamil Nadu",13.012477,80.220603,"LEV DC Charge Point
(IS-17017-2-7)",3.3,3.3,1,923
Ather,Private,Tamil Nadu,Chennai,Chennai,"Near 111-110, Mount Rd, Guindy Institutional Area, Little Mount, Guindy,
Chennai, Tamil Nadu",13.012477,80.220603,"LEV DC Charge Point
(IS-17017-2-7)",3.3,3.3,1,923
Ather,Private,Tamil Nadu,Chennai,Chennai,"Railway Station Kotturpuram, Kotturpuram, Chennai, Tamil Nadu 600020",13.01387,80.24806,"LEV DC Charge Point
(IS-17017-2-7)",3.3,3.3,1,923
Ather,Private,Tamil Nadu,Chennai,Chennai,"Railway Station Kotturpuram, Kotturpuram, Chennai, Tamil Nadu 600020",13.01387,80.24806,"LEV DC Charge Point
(IS-17017-2-7)",3.3,3.3,1,923
Ather,Private,Tamil Nadu,Chennai,Chennai,"2, 38, E Jones Rd, Periyapet, Saidapet, Chennai, Tamil Nadu 600015",13.023249,80.224117,"LEV DC Charge Point
(IS-17017-2-7)",3.3,3.3,1,923
Ather,Private,Tamil Nadu,Chennai,Chennai,"2, 38, E Jones Rd, Periyapet, Saidapet, Chennai, Tamil Nadu 600015",13.023249,80.224117,"LEV DC Charge Point
(IS-17017-2-7)",3.3,3.3,1,923
Ather,Private,Tamil Nadu,Chennai,Chennai,"Sringeri Mutt Rd, Trustpakkam, Mandaveli, Chennai, Tamil Nadu 600004",13.028361,80.260971,"LEV DC Charge Point
(IS-17017-2-7)",3.3,3.3,1,924
Ather,Private,Tamil Nadu,Chennai,Chennai,"Sringeri Mutt Rd, Trustpakkam, Mandaveli, Chennai, Tamil Nadu 600004",13.028361,80.260971,"LEV DC Charge Point
(IS-17017-2-7)",3.3,3.3,1,924
Ather,Private,Tamil Nadu,Chennai,Chennai,"3, 191, Mount Poonamallee Rd, Venugopal Nagar, Porur, Chennai, Tamil
Nadu 600116",13.036142,80.145341,"LEV DC Charge Point
(IS-17017-2-7)",3.3,3.3,1,924
Ather,Private,Tamil Nadu,Chennai,Chennai,"3, 191, Mount Poonamallee Rd, Venugopal Nagar, Porur, Chennai, Tamil
Nadu 600116",13.036142,80.145341,"LEV DC Charge Point
(IS-17017-2-7)",3.3,3.3,1,924
Ather,Private,Tamil Nadu,Chennai,Chennai,"No - 1/128 Ground Floor, Truck Road Iyyappanthangal, Porur",13.037041,80.13988,"LEV DC Charge Point
(IS-17017-2-7)",3.3,3.3,1,924
Ather,Private,Tamil Nadu,Chennai,Chennai,"12, Nageswaran Road, Parthasarathi Puram, T. Nagar",13.040653,80.232646,"LEV DC Charge Point
(IS-17017-2-7)",3.3,3.3,1,924
Ather,Private,Tamil Nadu,Chennai,Chennai,"Old No: 3/70, New No: 3/396, Chennai - Bangalore Highway,
Sembarambakkam, Tiruvallur, Tamil Nadu 600123",13.041114,80.057082,"LEV DC Charge Point
(IS-17017-2-7)",3.3,3.3,1,924
Ather,Private,Tamil Nadu,Chennai,Chennai,"Yellow Pages Building, 25, Dr Radha Krishnan Salai, Dwarka Colony,
Mylapore",13.044485,80.268708,"LEV DC Charge Point
(IS-17017-2-7)",3.3,3.3,1,924
Ather,Private,Tamil Nadu,Chennai,Chennai,"Railway Station Light House, Jagadambal Colony, Rotary Nagar, Mylapore,
Chennai, Tamil Nadu 600005",13.044851,80.277215,"LEV DC Charge Point
(IS-17017-2-7)",3.3,3.3,1,924
Ather,Private,Tamil Nadu,Chennai,Chennai,"Railway Station Light House, Jagadambal Colony, Rotary Nagar, Mylapore,
Chennai, Tamil Nadu 600005",13.044851,80.277215,"LEV DC Charge Point
(IS-17017-2-7)",3.3,3.3,1,924
Ather,Private,Tamil Nadu,Chennai,Chennai,"No.153, Wallace Garden 2Nd St, Thousand Lights West, Nungambakkam,
Chennai, Tamil Nadu 600006",13.060965,80.248509,"LEV DC Charge Point
(IS-17017-2-7)",3.3,3.3,1,924
Ather,Private,Tamil Nadu,Chennai,Chennai,"No.153, Wallace Garden 2Nd St, Thousand Lights West, Nungambakkam,
Chennai, Tamil Nadu 600006",13.060965,80.248509,"LEV DC Charge Point
(IS-17017-2-7)",3.3,3.3,1,924
Ather,Private,Tamil Nadu,Chennai,Chennai,"No.153, Wallace Garden 2Nd St, Thousand Lights West, Nungambakkam,
Chennai, Tamil Nadu 600006",13.060965,80.248509,"LEV DC Charge Point
(IS-17017-2-7)",3.3,3.3,1,924
Ather,Private,Tamil Nadu,Chennai,Chennai,"No.153, Wallace Garden 2Nd St, Thousand Lights West, Nungambakkam,
Chennai, Tamil Nadu 600006",13.060965,80.248509,"LEV DC Charge Point
(IS-17017-2-7)",3.3,3.3,1,924
Ather,Private,Tamil Nadu,Chennai,Chennai,"Old No: 76 , New No: 112, Vanagaram, Poonamallee High Rd, Chennai, Tamil
Nadu 600095",13.061082,80.151934,"LEV DC Charge Point
(IS-17017-2-7)",3.3,3.3,1,924
Ather,Private,Tamil Nadu,Chennai,Chennai,"#1/1/1, 13Th Avenue, Harrington Rd, Chetpet, Chennai, Tamil Nadu 600031",13.06972,80.238336,"LEV DC Charge Point
(IS-17017-2-7)",3.3,3.3,1,924
Ather,Private,Tamil Nadu,Chennai,Chennai,"No:1, Nelson Manickam Road, 627, Poonamalee High Road, Aminjikara",13.073439,80.221496,"LEV DC Charge Point
(IS-17017-2-7)",3.3,3.3,1,924
Ather,Private,Tamil Nadu,Chennai,Chennai,"Jawaharlal Nehru Rd, Thirumangalam, Anna Nagar, Chennai, Tamil Nadu",13.080547,80.197132,"LEV DC Charge Point
(IS-17017-2-7)",3.3,3.3,1,924
Ather,Private,Tamil Nadu,Chennai,Chennai,"35Qf+7V6, Mogappair, Mogappair East, Chennai, Tamil Nadu 600037",13.088284,80.174713,"LEV DC Charge Point
(IS-17017-2-7)",3.3,3.3,1,924
Ather,Private,Tamil Nadu,Chennai,Chennai,"35Qf+7V6, Mogappair, Mogappair East, Chennai, Tamil Nadu 600037",13.088284,80.174713,"LEV DC Charge Point
(IS-17017-2-7)",3.3,3.3,1,924
Ather,Private,Tamil Nadu,Chennai,Chennai,"35Qf+7V6, Mogappair, Mogappair East, Chennai, Tamil Nadu 600037",13.088284,80.174713,"LEV DC Charge Point
(IS-17017-2-7)",3.3,3.3,1,924
Ather,Private,Tamil Nadu,Chennai,Chennai,"T-2, 4Th Main Rd, Anna Nagar West, Anna Nagar, Chennai, Tamil Nadu
600040",13.0902,80.217499,"LEV DC Charge Point
(IS-17017-2-7)",3.3,3.3,1,924
Ather,Private,Tamil Nadu,Chennai,Chennai,"28, Gudapakkam Ponnamalle Thiruvallur Highway, Tirupati Rd, Near
Mettukandigai Bus Stop, Chennai, Tamil Nadu 600124",13.094912,79.995549,"LEV DC Charge Point
(IS-17017-2-7)",3.3,3.3,1,924
Ather,Private,Tamil Nadu,Chennai,Chennai,"Vasuki Nagar, Pulianthope, Chennai, Tamil Nadu 600012",13.101845,80.270991,"LEV DC Charge Point
(IS-17017-2-7)",3.3,3.3,1,924
Ather,Private,Tamil Nadu,Chennai,Chennai,"Vasuki Nagar, Pulianthope, Chennai, Tamil Nadu 600012",13.101845,80.270991,"LEV DC Charge Point
(IS-17017-2-7)",3.3,3.3,1,924
Ather,Private,Tamil Nadu,Chennai,Chennai,"17, Vasantham Nagar, Poonamalli High Road, Avadi, Chennai, Tamil Nadu
600071",13.103957,80.108265,"LEV DC Charge Point
(IS-17017-2-7)",3.3,3.3,1,924
Ather,Private,Tamil Nadu,Chennai,Chennai,"4754+Hq7, Vyasarpadi Jeeva, Main St, Binny Garden, Perambur, Chennai,
Tamil Nadu 600012",13.108755,80.257723,"LEV DC Charge Point
(IS-17017-2-7)",3.3,3.3,1,924
Ather,Private,Tamil Nadu,Chennai,Chennai,"4754+Hq7, Vyasarpadi Jeeva, Main St, Binny Garden, Perambur, Chennai,
Tamil Nadu 600012",13.108755,80.257723,"LEV DC Charge Point
(IS-17017-2-7)",3.3,3.3,1,924
Ather,Private,Tamil Nadu,Chennai,Chennai,"Gng St, Varadaraja Puram, Ambattur, Chennai, Tamil Nadu 600053",13.114145,80.152642,"LEV DC Charge Point
(IS-17017-2-7)",3.3,3.3,1,924
Ather,Private,Tamil Nadu,Chennai,Chennai,"Gng St, Varadaraja Puram, Ambattur, Chennai, Tamil Nadu 600053",13.114145,80.152642,"LEV DC Charge Point
(IS-17017-2-7)",3.3,3.3,1,924
Ather,Private,Tamil Nadu,Chennai,Chennai,"No 43/G, Station Road, Thirumalairajapuram, Avadi, Chennai, Tamil Nadu",13.117155,80.09997,"LEV DC Charge Point
(IS-17017-2-7)",3.3,3.3,1,925
Ather,Private,Tamil Nadu,Chennai,Chennai,"56, Lakeview Garden, Korattur",13.122193,80.189002,"LEV DC Charge Point
(IS-17017-2-7)",3.3,3.3,1,925
Ather,Private,Tamil Nadu,Chennai,Chennai,"Balaji Nagar 2Nd Cross St, Balaji Nagar, Ponniammanmedu, Chennai, Tamil
Nadu",13.125599,80.22415,"LEV DC Charge Point
(IS-17017-2-7)",3.3,3.3,1,925
Ather,Private,Tamil Nadu,Chennai,Chennai,"28, Ennore Express Rd, Tiru Chinna Kuppam, Tiruvottiyur, Chennai, Tamil
Nadu 600019",13.155713,80.304846,"LEV DC Charge Point
(IS-17017-2-7)",3.3,3.3,1,925
Ather,Private,Tamil Nadu,Chennai,Chennai,"No.1, Thandal Colony, Kannappasamy Nagar, Red Hills, Chennai, Tamil Nadu
600066",13.176376,80.195773,"LEV DC Charge Point
(IS-17017-2-7)",3.3,3.3,1,925
Ather,Private,Tamil Nadu,Chennai,Chennai,"No.1, Thandal Colony, Kannappasamy Nagar, Red Hills, Chennai, Tamil Nadu
600066",13.176376,80.195773,"LEV DC Charge Point
(IS-17017-2-7)",3.3,3.3,1,925
Ather,Private,Tamil Nadu,Chennai,Chennai,"Steward Pet, Thiruttani, Tamil Nadu 631209",13.179685,79.611949,"LEV DC Charge Point
(IS-17017-2-7)",3.3,3.3,1,925
Ather,Private,Tamil Nadu,Chennai,Chennai,"Steward Pet, Thiruttani, Tamil Nadu 631209",13.179685,79.611949,"LEV DC Charge Point
(IS-17017-2-7)",3.3,3.3,1,925
"CORPORAT
ION OF
CHENNAI",Govt.,Tamil Nadu,Chennai,Chennai,"No;606,K.H.Road Unit-1 Office Ennore Chennai -57",13.217245,80.320508,Bharat AC-001,3.3,3.3,1,925
"CORPORAT
ION OF
CHENNAI",Govt.,Tamil Nadu,Chennai,Chennai,"No;606,K.H.Road Unit-1 Office Ennore Chennai -57",13.217245,80.320508,Bharat AC-001,3.3,3.3,1,925
"CORPORAT
ION OF
CHENNAI",Govt.,Tamil Nadu,Chennai,Chennai,"No;606,K.H.Road Unit-1 Office Ennore Chennai -57",13.217245,80.320508,Bharat AC-001,3.3,3.3,1,925
"CORPORAT
ION OF
CHENNAI",Govt.,Tamil Nadu,Chennai,Chennai,"No;606,K.H.Road Unit-1 Office Ennore Chennai -57",13.217245,80.320508,Bharat AC-001,3.3,3.3,1,925
"CORPORAT
ION OF
CHENNAI",Govt.,Tamil Nadu,Chennai,Chennai,"No;606,K.H.Road Unit-1 Office Ennore Chennai -57",13.217245,80.320508,Bharat AC-001,3.3,3.3,1,925
"CORPORAT
ION OF
CHENNAI",Govt.,Tamil Nadu,Chennai,Chennai,"No;606,K.H.Road Unit-1 Office Ennore Chennai -57",13.217245,80.320508,Bharat AC-001,3.3,3.3,1,925
"CORPORAT
ION OF
CHENNAI",Govt.,Tamil Nadu,Chennai,Chennai,"No;606,K.H.Road Unit-1 Office Ennore Chennai -57",13.217245,80.320508,Bharat AC-001,3.3,3.3,1,925
"CORPORAT
ION OF
CHENNAI",Govt.,Tamil Nadu,Chennai,Chennai,"15,Burial Ground, Velachery Main Road, Velachery,Velachery",12.967416,80.219932,CCS-II,50,50,1,925
"CORPORAT
ION OF
CHENNAI",Govt.,Tamil Nadu,Chennai,Chennai,"15,Burial Ground, Velachery Main Road, Velachery,Velachery",12.967416,80.219932,CCS-II,50,50,1,925
"CORPORAT
ION OF
CHENNAI",Govt.,Tamil Nadu,Chennai,Chennai,"25Th Street, North Avenue, Korattur.",13.11,80.18,Bharat AC-001,1.1,1.1,1,925
"CORPORAT
ION OF
CHENNAI",Govt.,Tamil Nadu,Chennai,Chennai,"25Th Street, North Avenue, Korattur.",13.11,80.18,Bharat AC-001,1.1,1.1,1,925
"CORPORAT
ION OF
CHENNAI",Govt.,Tamil Nadu,Chennai,Chennai,"25Th Street, North Avenue, Korattur.",13.11,80.18,Bharat AC-001,1.1,1.1,1,926
"CORPORAT
ION OF
CHENNAI",Govt.,Tamil Nadu,Chennai,Chennai,"25Th Street, North Avenue, Korattur.",13.11,80.18,Bharat AC-001,1.1,1.1,1,926
"CORPORAT
ION OF
CHENNAI",Govt.,Tamil Nadu,Chennai,Chennai,"25Th Street, North Avenue, Korattur.",13.11,80.18,Bharat AC-001,1.1,1.1,1,926
"CORPORAT
ION OF
CHENNAI",Govt.,Tamil Nadu,Chennai,Chennai,"25Th Street, North Avenue, Korattur.",13.11,80.18,Bharat AC-001,1.1,1.1,1,926
"CORPORAT
ION OF
CHENNAI",Govt.,Tamil Nadu,Chennai,Chennai,"25Th Street, North Avenue, Korattur.",13.11,80.18,Bharat AC-001,1.1,1.1,1,926
"CORPORAT
ION OF
CHENNAI",Govt.,Tamil Nadu,Chennai,Chennai,"25Th Street, North Avenue, Korattur.",13.11,80.18,Bharat AC-001,1.1,1.1,1,926
"CORPORAT
ION OF
CHENNAI",Govt.,Tamil Nadu,Chennai,Chennai,"25Th Street, North Avenue, Korattur.",13.11,80.18,Bharat AC-001,1.1,1.1,1,926
"CORPORAT
ION OF
CHENNAI",Govt.,Tamil Nadu,Chennai,Chennai,"25Th Street, North Avenue, Korattur.",13.11,80.18,Bharat AC-001,1.1,1.1,1,926
"CORPORAT
ION OF
CHENNAI",Govt.,Tamil Nadu,Chennai,Chennai,"25Th Street, North Avenue, Korattur.",13.11,80.18,Bharat AC-001,1.1,1.1,1,926
"CORPORAT
ION OF
CHENNAI",Govt.,Tamil Nadu,Chennai,Chennai,"25Th Street, North Avenue, Korattur.",13.11,80.18,Bharat AC-001,1.1,1.1,1,926
"CORPORAT
ION OF
CHENNAI",Govt.,Tamil Nadu,Chennai,Chennai,"25Th Street, North Avenue, Korattur.",13.11,80.18,Bharat AC-001,1.1,1.1,1,926
"CORPORAT
ION OF
CHENNAI",Govt.,Tamil Nadu,Chennai,Chennai,"25Th Street, North Avenue, Korattur.",13.11,80.18,Bharat AC-001,1.1,1.1,1,926
"CORPORAT
ION OF
CHENNAI",Govt.,Tamil Nadu,Chennai,Chennai,"25Th Street, North Avenue, Korattur.",13.11,80.18,Bharat AC-001,1.1,1.1,1,926
"CORPORAT
ION OF
CHENNAI",Govt.,Tamil Nadu,Chennai,Chennai,"25Th Street, North Avenue, Korattur.",13.11,80.18,Bharat AC-001,1.1,1.1,1,926
"CORPORAT
ION OF
CHENNAI",Govt.,Tamil Nadu,Chennai,Chennai,"25Th Street, North Avenue, Korattur.",13.11,80.18,Bharat AC-001,1.1,1.1,1,926
"CORPORAT
ION OF
CHENNAI",Govt.,Tamil Nadu,Chennai,Chennai,"25Th Street, North Avenue, Korattur.",13.11,80.18,Bharat AC-001,1.1,1.1,1,927
"CORPORAT
ION OF
CHENNAI",Govt.,Tamil Nadu,Chennai,Chennai,"25Th Street, North Avenue, Korattur.",13.11,80.18,Bharat AC-001,1.1,1.1,1,927
"CORPORAT
ION OF
CHENNAI",Govt.,Tamil Nadu,Chennai,Chennai,"25Th Street, North Avenue, Korattur.",13.11,80.18,Bharat AC-001,1.1,1.1,1,927
"CORPORAT
ION OF
CHENNAI",Govt.,Tamil Nadu,Chennai,Chennai,"25Th Street, North Avenue, Korattur.",13.11,80.18,Bharat AC-001,1.1,1.1,1,927
"CORPORAT
ION OF
CHENNAI",Govt.,Tamil Nadu,Chennai,Chennai,"25Th Street, North Avenue, Korattur.",13.11,80.18,Bharat AC-001,1.1,1.1,1,927
"CORPORAT
ION OF
CHENNAI",Govt.,Tamil Nadu,Chennai,Chennai,"25Th Street, North Avenue, Korattur.",13.11,80.18,Bharat AC-001,1.1,1.1,1,927
"CORPORAT
ION OF
CHENNAI",Govt.,Tamil Nadu,Chennai,Chennai,"25Th Street, North Avenue, Korattur.",13.11,80.18,Bharat AC-001,1.1,1.1,1,927
"CORPORAT
ION OF
CHENNAI",Govt.,Tamil Nadu,Chennai,Chennai,"25Th Street, North Avenue, Korattur.",13.11,80.18,Bharat AC-001,1.1,1.1,1,927
"CORPORAT
ION OF
CHENNAI",Govt.,Tamil Nadu,Chennai,Chennai,"25Th Street, North Avenue, Korattur.",13.11,80.18,Bharat AC-001,1.1,1.1,1,927
"CORPORAT
ION OF
CHENNAI",Govt.,Tamil Nadu,Chennai,Chennai,"25Th Street, North Avenue, Korattur.",13.11,80.18,Bharat AC-001,1.1,1.1,1,927
"CORPORAT
ION OF
CHENNAI",Govt.,Tamil Nadu,Chennai,Chennai,"25Th Street, North Avenue, Korattur.",13.11,80.18,Bharat AC-001,1.1,1.1,1,927
"CORPORAT
ION OF
CHENNAI",Govt.,Tamil Nadu,Chennai,Chennai,"25Th Street, North Avenue, Korattur.",13.11,80.18,Bharat AC-001,1.1,1.1,1,927
"CORPORAT
ION OF
CHENNAI",Govt.,Tamil Nadu,Chennai,Chennai,"25Th Street, North Avenue, Korattur.",13.11,80.18,Bharat AC-001,1.1,1.1,1,927
"CORPORAT
ION OF
CHENNAI",Govt.,Tamil Nadu,Chennai,Chennai,"25Th Street, North Avenue, Korattur.",13.11,80.18,Bharat AC-001,1.1,1.1,1,927
"CORPORAT
ION OF
CHENNAI",Govt.,Tamil Nadu,Chennai,Chennai,"25Th Street, North Avenue, Korattur.",13.11,80.18,Bharat AC-001,1.1,1.1,1,927
"CORPORAT
ION OF
CHENNAI",Govt.,Tamil Nadu,Chennai,Chennai,"25Th Street, North Avenue, Korattur.",13.11,80.18,Bharat AC-001,1.1,1.1,1,928
"CORPORAT
ION OF
CHENNAI",Govt.,Tamil Nadu,Chennai,Chennai,"25Th Street, North Avenue, Korattur.",13.11,80.18,Bharat AC-001,1.1,1.1,1,928
"CORPORAT
ION OF
CHENNAI",Govt.,Tamil Nadu,Chennai,Chennai,"25Th Street, North Avenue, Korattur.",13.11,80.18,Bharat AC-001,1.1,1.1,1,928
"CORPORAT
ION OF
CHENNAI",Govt.,Tamil Nadu,Chennai,Chennai,"25Th Street, North Avenue, Korattur.",13.11,80.18,Bharat AC-001,1.1,1.1,1,928
"CORPORAT
ION OF
CHENNAI",Govt.,Tamil Nadu,Chennai,Chennai,"25Th Street, North Avenue, Korattur.",13.11,80.18,Bharat AC-001,1.1,1.1,1,928
"CORPORAT
ION OF
CHENNAI",Govt.,Tamil Nadu,Chennai,Chennai,"25Th Street, North Avenue, Korattur.",13.11,80.18,Bharat AC-001,1.1,1.1,1,928
"CORPORAT
ION OF
CHENNAI",Govt.,Tamil Nadu,Chennai,Chennai,"25Th Street, North Avenue, Korattur.",13.11,80.18,Bharat AC-001,1.1,1.1,1,928
"CORPORAT
ION OF
CHENNAI",Govt.,Tamil Nadu,Chennai,Chennai,"25Th Street, North Avenue, Korattur.",13.11,80.18,Bharat AC-001,1.1,1.1,1,928
"CORPORAT
ION OF
CHENNAI",Govt.,Tamil Nadu,Chennai,Chennai,"25Th Street, North Avenue, Korattur.",13.11,80.18,Bharat AC-001,1.1,1.1,1,928
"CORPORAT
ION OF
CHENNAI",Govt.,Tamil Nadu,Chennai,Chennai,"25Th Street, North Avenue, Korattur.",13.11,80.18,Bharat AC-001,1.1,1.1,1,928
"CORPORAT
ION OF
CHENNAI",Govt.,Tamil Nadu,Chennai,Chennai,"25Th Street, North Avenue, Korattur.",13.11,80.18,Bharat AC-001,1.1,1.1,1,928
"CORPORAT
ION OF
CHENNAI",Govt.,Tamil Nadu,Chennai,Chennai,"25Th Street, North Avenue, Korattur.",13.11,80.18,Bharat AC-001,1.1,1.1,1,928
"CORPORAT
ION OF
CHENNAI",Govt.,Tamil Nadu,Chennai,Chennai,"25Th Street, North Avenue, Korattur.",13.11,80.18,Bharat AC-001,1.1,1.1,1,928
"CORPORAT
ION OF
CHENNAI",Govt.,Tamil Nadu,Chennai,Chennai,"25Th Street, North Avenue, Korattur.",13.11,80.18,Bharat AC-001,1.1,1.1,1,928
"CORPORAT
ION OF
CHENNAI",Govt.,Tamil Nadu,Chennai,Chennai,"25Th Street, North Avenue, Korattur.",13.11,80.18,Bharat AC-001,1.1,1.1,1,928
"CORPORAT
ION OF
CHENNAI",Govt.,Tamil Nadu,Chennai,Chennai,"25Th Street, North Avenue, Korattur.",13.11,80.18,Bharat AC-001,1.1,1.1,1,929
"CORPORAT
ION OF
CHENNAI",Govt.,Tamil Nadu,Chennai,Chennai,"25Th Street, North Avenue, Korattur.",13.11,80.18,Bharat AC-001,1.1,1.1,1,929
"CORPORAT
ION OF
CHENNAI",Govt.,Tamil Nadu,Chennai,Chennai,"25Th Street, North Avenue, Korattur.",13.11,80.18,Bharat AC-001,1.1,1.1,1,929
"CORPORAT
ION OF
CHENNAI",Govt.,Tamil Nadu,Chennai,Chennai,"25Th Street, North Avenue, Korattur.",13.11,80.18,Bharat AC-001,1.1,1.1,1,929
"CORPORAT
ION OF
CHENNAI",Govt.,Tamil Nadu,Chennai,Chennai,"25Th Street, North Avenue, Korattur.",13.11,80.18,Bharat AC-001,1.1,1.1,1,929
"CORPORAT
ION OF
CHENNAI",Govt.,Tamil Nadu,Chennai,Chennai,"25Th Street, North Avenue, Korattur.",13.11,80.18,Bharat AC-001,1.1,1.1,1,929
"CORPORAT
ION OF
CHENNAI",Govt.,Tamil Nadu,Chennai,Chennai,"25Th Street, North Avenue, Korattur.",13.11,80.18,Bharat AC-001,1.1,1.1,1,929
"CORPORAT
ION OF
CHENNAI",Govt.,Tamil Nadu,Chennai,Chennai,"25Th Street, North Avenue, Korattur.",13.11,80.18,Bharat AC-001,1.1,1.1,1,929
"CORPORAT
ION OF
CHENNAI",Govt.,Tamil Nadu,Chennai,Chennai,"25Th Street, North Avenue, Korattur.",13.11,80.18,Bharat AC-001,1.1,1.1,1,929
"CORPORAT
ION OF
CHENNAI",Govt.,Tamil Nadu,Chennai,Chennai,"25Th Street, North Avenue, Korattur.",13.11,80.18,Bharat AC-001,1.1,1.1,1,929
"CORPORAT
ION OF
CHENNAI",Govt.,Tamil Nadu,Chennai,Chennai,"25Th Street, North Avenue, Korattur.",13.11,80.18,Bharat AC-001,1.1,1.1,1,929
"CORPORAT
ION OF
CHENNAI",Govt.,Tamil Nadu,Chennai,Chennai,"25Th Street, North Avenue, Korattur.",13.11,80.18,Bharat AC-001,1.1,1.1,1,929
"CORPORAT
ION OF
CHENNAI",Govt.,Tamil Nadu,Chennai,Chennai,"25Th Street, North Avenue, Korattur.",13.11,80.18,Bharat AC-001,1.1,1.1,1,929
"CORPORAT
ION OF
CHENNAI",Govt.,Tamil Nadu,Chennai,Chennai,"25Th Street, North Avenue, Korattur.",13.11,80.18,Bharat AC-001,1.1,1.1,1,929
"CORPORAT
ION OF
CHENNAI",Govt.,Tamil Nadu,Chennai,Chennai,"25Th Street, North Avenue, Korattur.",13.11,80.18,Bharat AC-001,1.1,1.1,1,929
"CORPORAT
ION OF
CHENNAI",Govt.,Tamil Nadu,Chennai,Chennai,"15,Burial Ground, Velachery Main Road, Velachery,Velachery",12.967416,80.219932,CCS-II,50,50,1,930
"CORPORAT
ION OF
CHENNAI",Govt.,Tamil Nadu,Chennai,Chennai,"15,Burial Ground, Velachery Main Road, Velachery,Velachery",12.967416,80.219932,CCS-II,50,50,1,930
"CORPORAT
ION OF
CHENNAI",Govt.,Tamil Nadu,Chennai,Chennai,"Bov Parking Station,Mathavaram,Kallikuppam, Chennai-53",13.01,80.02,Bharat AC-001,1.1,1.1,1,930
"CORPORAT
ION OF
CHENNAI",Govt.,Tamil Nadu,Chennai,Chennai,"Bov Parking Station,Mathavaram,Kallikuppam, Chennai-53",13.01,80.02,Bharat AC-001,1.1,1.1,1,930
"CORPORAT
ION OF
CHENNAI",Govt.,Tamil Nadu,Chennai,Chennai,"Bov Parking Station,Mathavaram,Kallikuppam, Chennai-53",13.01,80.02,Bharat AC-001,1.1,1.1,1,930
"CORPORAT
ION OF
CHENNAI",Govt.,Tamil Nadu,Chennai,Chennai,"Bov Parking Station,Mathavaram,Kallikuppam, Chennai-53",13.01,80.02,Bharat AC-001,1.1,1.1,1,930
"CORPORAT
ION OF
CHENNAI",Govt.,Tamil Nadu,Chennai,Chennai,"Bov Parking Station,Mathavaram,Kallikuppam, Chennai-53",13.01,80.02,Bharat AC-001,1.1,1.1,1,930
"CORPORAT
ION OF
CHENNAI",Govt.,Tamil Nadu,Chennai,Chennai,"Bov Parking Station,Mathavaram,Kallikuppam, Chennai-53",13.01,80.02,Bharat AC-001,1.1,1.1,1,930
"CORPORAT
ION OF
CHENNAI",Govt.,Tamil Nadu,Chennai,Chennai,"Bov Parking Station,Mathavaram,Kallikuppam, Chennai-53",13.01,80.02,Bharat AC-001,1.1,1.1,1,930
"CORPORAT
ION OF
CHENNAI",Govt.,Tamil Nadu,Chennai,Chennai,"Bov Parking Station,Mathavaram,Kallikuppam, Chennai-53",13.01,80.02,Bharat AC-001,1.1,1.1,1,930
"CORPORAT
ION OF
CHENNAI",Govt.,Tamil Nadu,Chennai,Chennai,"Bov Parking Station,Mathavaram,Kallikuppam, Chennai-53",13.01,80.02,Bharat AC-001,1.1,1.1,1,930
"CORPORAT
ION OF
CHENNAI",Govt.,Tamil Nadu,Chennai,Chennai,"Bov Parking Station,Mathavaram,Kallikuppam, Chennai-53",13.01,80.02,Bharat AC-001,1.1,1.1,1,930
"CORPORAT
ION OF
CHENNAI",Govt.,Tamil Nadu,Chennai,Chennai,"Bov Parking Station,Mathavaram,Kallikuppam, Chennai-53",13.01,80.02,Bharat AC-001,1.1,1.1,1,930
"CORPORAT
ION OF
CHENNAI",Govt.,Tamil Nadu,Chennai,Chennai,"Bov Parking Station,Mathavaram,Kallikuppam, Chennai-53",13.01,80.02,Bharat AC-001,1.1,1.1,1,930
"CORPORAT
ION OF
CHENNAI",Govt.,Tamil Nadu,Chennai,Chennai,"Bov Parking Station,Mathavaram,Kallikuppam, Chennai-53",13.01,80.02,Bharat AC-001,1.1,1.1,1,930
"CORPORAT
ION OF
CHENNAI",Govt.,Tamil Nadu,Chennai,Chennai,"Bov Parking Station,Mathavaram,Kallikuppam, Chennai-53",13.01,80.02,Bharat AC-001,1.1,1.1,1,931
"CORPORAT
ION OF
CHENNAI",Govt.,Tamil Nadu,Chennai,Chennai,"Bov Parking Station,Mathavaram,Kallikuppam, Chennai-53",13.01,80.02,Bharat AC-001,1.1,1.1,1,931
"CORPORAT
ION OF
CHENNAI",Govt.,Tamil Nadu,Chennai,Chennai,"Bov Parking Station,Mathavaram,Kallikuppam, Chennai-53",13.01,80.02,Bharat AC-001,1.1,1.1,1,931
"CORPORAT
ION OF
CHENNAI",Govt.,Tamil Nadu,Chennai,Chennai,"Bov Parking Station,Mathavaram,Kallikuppam, Chennai-53",13.01,80.02,Bharat AC-001,1.1,1.1,1,931
"CORPORAT
ION OF
CHENNAI",Govt.,Tamil Nadu,Chennai,Chennai,"Bov Parking Station,Mathavaram,Kallikuppam, Chennai-53",13.01,80.02,Bharat AC-001,1.1,1.1,1,931
"CORPORAT
ION OF
CHENNAI",Govt.,Tamil Nadu,Chennai,Chennai,"Bov Parking Station,Mathavaram,Kallikuppam, Chennai-53",13.01,80.02,Bharat AC-001,1.1,1.1,1,931
"CORPORAT
ION OF
CHENNAI",Govt.,Tamil Nadu,Chennai,Chennai,"Bov Parking Station,Mathavaram,Kallikuppam, Chennai-53",13.01,80.02,Bharat AC-001,1.1,1.1,1,931
"CORPORAT
ION OF
CHENNAI",Govt.,Tamil Nadu,Chennai,Chennai,"Bov Station,Srinivan Nagar Main Road,Surapet,Chennai",13.142207,80.194982,Bharat AC-001,1.1,1.1,1,931
"CORPORAT
ION OF
CHENNAI",Govt.,Tamil Nadu,Chennai,Chennai,"Bov Station,Srinivan Nagar Main Road,Surapet,Chennai",13.142207,80.194982,Bharat AC-001,1.1,1.1,1,931
"CORPORAT
ION OF
CHENNAI",Govt.,Tamil Nadu,Chennai,Chennai,"Bov Station,Srinivan Nagar Main Road,Surapet,Chennai",13.142207,80.194982,Bharat AC-001,1.1,1.1,1,931
"CORPORAT
ION OF
CHENNAI",Govt.,Tamil Nadu,Chennai,Chennai,"Bov Station,Srinivan Nagar Main Road,Surapet,Chennai",13.142207,80.194982,Bharat AC-001,1.1,1.1,1,931
"CORPORAT
ION OF
CHENNAI",Govt.,Tamil Nadu,Chennai,Chennai,"Bov Station,Srinivan Nagar Main Road,Surapet,Chennai",13.142207,80.194982,Bharat AC-001,1.1,1.1,1,931
"CORPORAT
ION OF
CHENNAI",Govt.,Tamil Nadu,Chennai,Chennai,"Bov Station,Srinivan Nagar Main Road,Surapet,Chennai",13.142207,80.194982,Bharat AC-001,1.1,1.1,1,931
"CORPORAT
ION OF
CHENNAI",Govt.,Tamil Nadu,Chennai,Chennai,"Bov Station,Srinivan Nagar Main Road,Surapet,Chennai",13.142207,80.194982,Bharat AC-001,1.1,1.1,1,931
"CORPORAT
ION OF
CHENNAI",Govt.,Tamil Nadu,Chennai,Chennai,"Bov Station,Srinivan Nagar Main Road,Surapet,Chennai",13.142207,80.194982,Bharat AC-001,1.1,1.1,1,931
"CORPORAT
ION OF
CHENNAI",Govt.,Tamil Nadu,Chennai,Chennai,"Bov Station,Srinivan Nagar Main Road,Surapet,Chennai",13.142207,80.194982,Bharat AC-001,1.1,1.1,1,932
"CORPORAT
ION OF
CHENNAI",Govt.,Tamil Nadu,Chennai,Chennai,"Bov Station,Srinivan Nagar Main Road,Surapet,Chennai",13.142207,80.194982,Bharat AC-001,1.1,1.1,1,932
"CORPORAT
ION OF
CHENNAI",Govt.,Tamil Nadu,Chennai,Chennai,"Bov Station,Srinivan Nagar Main Road,Surapet,Chennai",13.142207,80.194982,Bharat AC-001,1.1,1.1,1,932
"CORPORAT
ION OF
CHENNAI",Govt.,Tamil Nadu,Chennai,Chennai,"Bov Station,Srinivan Nagar Main Road,Surapet,Chennai",13.142207,80.194982,Bharat AC-001,1.1,1.1,1,932
"CORPORAT
ION OF
CHENNAI",Govt.,Tamil Nadu,Chennai,Chennai,"Bov Station,Srinivan Nagar Main Road,Surapet,Chennai",13.142207,80.194982,Bharat AC-001,1.1,1.1,1,932
"CORPORAT
ION OF
CHENNAI",Govt.,Tamil Nadu,Chennai,Chennai,"Bov Station,Srinivan Nagar Main Road,Surapet,Chennai",13.142207,80.194982,Bharat AC-001,1.1,1.1,1,932
"CORPORAT
ION OF
CHENNAI",Govt.,Tamil Nadu,Chennai,Chennai,"Bov Station,Srinivan Nagar Main Road,Surapet,Chennai",13.142207,80.194982,Bharat AC-001,1.1,1.1,1,932
"CORPORAT
ION OF
CHENNAI",Govt.,Tamil Nadu,Chennai,Chennai,"Bov Station,Srinivan Nagar Main Road,Surapet,Chennai",13.142207,80.194982,Bharat AC-001,1.1,1.1,1,932
"CORPORAT
ION OF
CHENNAI",Govt.,Tamil Nadu,Chennai,Chennai,"Bov Station,Srinivan Nagar Main Road,Surapet,Chennai",13.142207,80.194982,Bharat AC-001,1.1,1.1,1,932
"CORPORAT
ION OF
CHENNAI",Govt.,Tamil Nadu,Chennai,Chennai,"Bov Station,Srinivan Nagar Main Road,Surapet,Chennai",13.142207,80.194982,Bharat AC-001,1.1,1.1,1,932
"CORPORAT
ION OF
CHENNAI",Govt.,Tamil Nadu,Chennai,Chennai,"Bov Station,Srinivan Nagar Main Road,Surapet,Chennai",13.142207,80.194982,Bharat AC-001,1.1,1.1,1,932
"CORPORAT
ION OF
CHENNAI",Govt.,Tamil Nadu,Chennai,Chennai,"Bov Station,Srinivan Nagar Main Road,Surapet,Chennai",13.142207,80.194982,Bharat AC-001,1.1,1.1,1,932
"CORPORAT
ION OF
CHENNAI",Govt.,Tamil Nadu,Chennai,Chennai,"Bov Station,Srinivan Nagar Main Road,Surapet,Chennai",13.142207,80.194982,Bharat AC-001,1.1,1.1,1,932
"CORPORAT
ION OF
CHENNAI",Govt.,Tamil Nadu,Chennai,Chennai,"Bov Station,Srinivan Nagar Main Road,Surapet,Chennai",13.142207,80.194982,Bharat AC-001,1.1,1.1,1,932
"CORPORAT
ION OF
CHENNAI",Govt.,Tamil Nadu,Chennai,Chennai,"Bov Station,Srinivan Nagar Main Road,Surapet,Chennai",13.142207,80.194982,Bharat AC-001,1.1,1.1,1,932
"CORPORAT
ION OF
CHENNAI",Govt.,Tamil Nadu,Chennai,Chennai,Kamaraja Salai Lorry Shed,13.162438,80.267183,Bharat AC-001,3.3,3.3,1,933
"CORPORAT
ION OF
CHENNAI",Govt.,Tamil Nadu,Chennai,Chennai,Kamaraja Salai Lorry Shed,13.162438,80.267183,Bharat AC-001,3.3,3.3,1,933
"CORPORAT
ION OF
CHENNAI",Govt.,Tamil Nadu,Chennai,Chennai,Kamaraja Salai Lorry Shed,13.162438,80.267183,Bharat AC-001,3.3,3.3,1,933
"CORPORAT
ION OF
CHENNAI",Govt.,Tamil Nadu,Chennai,Chennai,Kamaraja Salai Lorry Shed,13.162438,80.267183,Bharat AC-001,3.3,3.3,1,933
"CORPORAT
ION OF
CHENNAI",Govt.,Tamil Nadu,Chennai,Chennai,Kamaraja Salai Lorry Shed,13.162438,80.267183,Bharat AC-001,3.3,3.3,1,933
"CORPORAT
ION OF
CHENNAI",Govt.,Tamil Nadu,Chennai,Chennai,Kamaraja Salai Lorry Shed,13.162438,80.267183,Bharat AC-001,3.3,3.3,1,933
"CORPORAT
ION OF
CHENNAI",Govt.,Tamil Nadu,Chennai,Chennai,Kamaraja Salai Lorry Shed,13.162438,80.267183,Bharat AC-001,3.3,3.3,1,933
"CORPORAT
ION OF
CHENNAI",Govt.,Tamil Nadu,Chennai,Chennai,Kamaraja Salai Lorry Shed,13.162438,80.267183,Bharat AC-001,3.3,3.3,1,933
"CORPORAT
ION OF
CHENNAI",Govt.,Tamil Nadu,Chennai,Chennai,Kamaraja Salai Lorry Shed,13.162438,80.267183,Bharat AC-001,3.3,3.3,1,933
"CORPORAT
ION OF
CHENNAI",Govt.,Tamil Nadu,Chennai,Chennai,Kamaraja Salai Lorry Shed,13.162438,80.267183,Bharat AC-001,3.3,3.3,1,933
"CORPORAT
ION OF
CHENNAI",Govt.,Tamil Nadu,Chennai,Chennai,Kamaraja Salai Lorry Shed,13.162438,80.267183,Bharat AC-001,3.3,3.3,1,933
"CORPORAT
ION OF
CHENNAI",Govt.,Tamil Nadu,Chennai,Chennai,Kamaraja Salai Lorry Shed,13.162438,80.267183,Bharat AC-001,3.3,3.3,1,933
"CORPORAT
ION OF
CHENNAI",Govt.,Tamil Nadu,Chennai,Chennai,Kamaraja Salai Lorry Shed,13.162438,80.267183,Bharat AC-001,3.3,3.3,1,933
"CORPORAT
ION OF
CHENNAI",Govt.,Tamil Nadu,Chennai,Chennai,Kamaraja Salai Lorry Shed,13.162438,80.267183,Bharat AC-001,3.3,3.3,1,933
"CORPORAT
ION OF
CHENNAI",Govt.,Tamil Nadu,Chennai,Chennai,Kamaraja Salai Lorry Shed,13.162438,80.267183,Bharat AC-001,3.3,3.3,1,933
"CORPORAT
ION OF
CHENNAI",Govt.,Tamil Nadu,Chennai,Chennai,Kamaraja Salai Lorry Shed,13.162438,80.267183,Bharat AC-001,3.3,3.3,1,934
"CORPORAT
ION OF
CHENNAI",Govt.,Tamil Nadu,Chennai,Chennai,Kamaraja Salai Lorry Shed,13.162438,80.267183,Bharat AC-001,3.3,3.3,1,934
"CORPORAT
ION OF
CHENNAI",Govt.,Tamil Nadu,Chennai,Chennai,Kamaraja Salai Lorry Shed,13.162438,80.267183,Bharat AC-001,3.3,3.3,1,934
"CORPORAT
ION OF
CHENNAI",Govt.,Tamil Nadu,Chennai,Chennai,Kamaraja Salai Lorry Shed,13.162438,80.267183,Bharat AC-001,3.3,3.3,1,934
"CORPORAT
ION OF
CHENNAI",Govt.,Tamil Nadu,Chennai,Chennai,Kamaraja Salai Lorry Shed,13.162438,80.267183,Bharat AC-001,3.3,3.3,1,934
"CORPORAT
ION OF
CHENNAI",Govt.,Tamil Nadu,Chennai,Chennai,"Balakrishnapuram Burial Ground,Balakrishnapuram Main
Road,Adambakkam,Alandur",12.99303,80.20593,CCS-II,50,50,1,934
"CORPORAT
ION OF
CHENNAI",Govt.,Tamil Nadu,Chennai,Chennai,"Balakrishnapuram Burial Ground,Balakrishnapuram Main
Road,Adambakkam,Alandur",12.99303,80.20593,CCS-II,50,50,1,934
"CORPORAT
ION OF
CHENNAI",Govt.,Tamil Nadu,Chennai,Mylapore,"Lorry Station,Karaneeswarar Pagoda Street,Chennai. Mylapore/Chennai",13.03902,80.27631,Bharat AC-001,1.1,1.1,1,934
"CORPORAT
ION OF
CHENNAI",Govt.,Tamil Nadu,Chennai,Mylapore,"Lorry Station,Karaneeswarar Pagoda Street,Chennai. Mylapore/Chennai",13.03902,80.27631,Bharat AC-001,1.1,1.1,1,934
"CORPORAT
ION OF
CHENNAI",Govt.,Tamil Nadu,Chennai,Mylapore,"Lorry Station,Karaneeswarar Pagoda Street,Chennai. Mylapore/Chennai",13.03902,80.27631,Bharat AC-001,1.1,1.1,1,934
"CORPORAT
ION OF
CHENNAI",Govt.,Tamil Nadu,Chennai,Mylapore,"Lorry Station,Karaneeswarar Pagoda Street,Chennai. Mylapore/Chennai",13.03902,80.27631,Bharat AC-001,1.1,1.1,1,934
"CORPORAT
ION OF
CHENNAI",Govt.,Tamil Nadu,Chennai,Mylapore,"Lorry Station,Karaneeswarar Pagoda Street,Chennai. Mylapore/Chennai",13.03902,80.27631,Bharat AC-001,1.1,1.1,1,934
"CORPORAT
ION OF
CHENNAI",Govt.,Tamil Nadu,Chennai,Mylapore,"Lorry Station,Karaneeswarar Pagoda Street,Chennai. Mylapore/Chennai",13.03902,80.27631,Bharat AC-001,1.1,1.1,1,934
"CORPORAT
ION OF
CHENNAI",Govt.,Tamil Nadu,Chennai,Mylapore,"Lorry Station,Karaneeswarar Pagoda Street,Chennai. Mylapore/Chennai",13.03902,80.27631,Bharat AC-001,1.1,1.1,1,934
"CORPORAT
ION OF
CHENNAI",Govt.,Tamil Nadu,Chennai,Mylapore,"Lorry Station,Karaneeswarar Pagoda Street,Chennai. Mylapore/Chennai",13.03902,80.27631,Bharat AC-001,1.1,1.1,1,934
"CORPORAT
ION OF
CHENNAI",Govt.,Tamil Nadu,Chennai,Mylapore,"Lorry Station,Karaneeswarar Pagoda Street,Chennai. Mylapore/Chennai",13.03902,80.27631,Bharat AC-001,1.1,1.1,1,935
"CORPORAT
ION OF
CHENNAI",Govt.,Tamil Nadu,Chennai,Chennai,Mrh Road Near Mtc Bus Depot Madhavaram,13.152623,80.228437,Bharat DC-001,15,15,1,935
"CORPORAT
ION OF
CHENNAI",Govt.,Tamil Nadu,Chennai,Chennai,Mrh Road Near Mtc Bus Depot Madhavaram,13.152623,80.228437,Bharat DC-001,15,15,1,935
"CORPORAT
ION OF
CHENNAI",Govt.,Tamil Nadu,Chennai,Chennai,Mrh Road Near Mtc Bus Depot Madhavaram,13.152623,80.228437,Bharat DC-001,15,15,1,935
"CORPORAT
ION OF
CHENNAI",Govt.,Tamil Nadu,Chennai,Chennai,Mrh Road Near Mtc Bus Depot Madhavaram,13.152623,80.228437,Bharat DC-001,15,15,1,935
"CORPORAT
ION OF
CHENNAI",Govt.,Tamil Nadu,Chennai,Chennai,Mrh Road Near Mtc Bus Depot Madhavaram,13.152623,80.228437,Bharat DC-001,15,15,1,935
"CORPORAT
ION OF
CHENNAI",Govt.,Tamil Nadu,Chennai,Chennai,Mrh Road Near Mtc Bus Depot Madhavaram,13.152623,80.228437,Bharat DC-001,15,15,1,935
"CORPORAT
ION OF
CHENNAI",Govt.,Tamil Nadu,Chennai,Chennai,Mrh Road Near Mtc Bus Depot Madhavaram,13.152623,80.228437,Bharat DC-001,15,15,1,935
"CORPORAT
ION OF
CHENNAI",Govt.,Tamil Nadu,Chennai,Chennai,Mrh Road Near Mtc Bus Depot Madhavaram,13.152623,80.228437,Bharat DC-001,15,15,1,935
"CORPORAT
ION OF
CHENNAI",Govt.,Tamil Nadu,Chennai,Chennai,Mrh Road Near Mtc Bus Depot Madhavaram,13.152623,80.228437,Bharat DC-001,15,15,1,935
"CORPORAT
ION OF
CHENNAI",Govt.,Tamil Nadu,Chennai,Chennai,Mrh Road Near Mtc Bus Depot Madhavaram,13.152623,80.228437,Bharat DC-001,15,15,1,935
"CORPORAT
ION OF
CHENNAI",Govt.,Tamil Nadu,Chennai,Chennai,Mrh Road Near Mtc Bus Depot Madhavaram,13.152623,80.228437,Bharat DC-001,15,15,1,935
"CORPORAT
ION OF
CHENNAI",Govt.,Tamil Nadu,Chennai,Chennai,Mrh Road Near Mtc Bus Depot Madhavaram,13.152623,80.228437,Bharat DC-001,15,15,1,935
"CORPORAT
ION OF
CHENNAI",Govt.,Tamil Nadu,Chennai,Chennai,Mrh Road Near Mtc Bus Depot Madhavaram,13.152623,80.228437,Bharat DC-001,15,15,1,935
"CORPORAT
ION OF
CHENNAI",Govt.,Tamil Nadu,Chennai,Chennai,Mrh Road Near Mtc Bus Depot Madhavaram,13.152623,80.228437,Bharat DC-001,15,15,1,935
"CORPORAT
ION OF
CHENNAI",Govt.,Tamil Nadu,Chennai,Chennai,Mrh Road Near Mtc Bus Depot Madhavaram,13.152623,80.228437,Bharat DC-001,15,15,1,936
"CORPORAT
ION OF
CHENNAI",Govt.,Tamil Nadu,Chennai,Chennai,Mrh Road Near Mtc Bus Depot Madhavaram,13.152623,80.228437,Bharat DC-001,15,15,1,936
"CORPORAT
ION OF
CHENNAI",Govt.,Tamil Nadu,Chennai,Chennai,Mrh Road Near Mtc Bus Depot Madhavaram,13.152623,80.228437,Bharat DC-001,15,15,1,936
"CORPORAT
ION OF
CHENNAI",Govt.,Tamil Nadu,Chennai,Chennai,Mrh Road Near Mtc Bus Depot Madhavaram,13.152623,80.228437,Bharat DC-001,15,15,1,936
"CORPORAT
ION OF
CHENNAI",Govt.,Tamil Nadu,Chennai,Chennai,Mrh Road Near Mtc Bus Depot Madhavaram,13.152623,80.228437,Bharat DC-001,15,15,1,936
"CORPORAT
ION OF
CHENNAI",Govt.,Tamil Nadu,Chennai,Chennai,Mrh Road Near Mtc Bus Depot Madhavaram,13.152623,80.228437,Bharat DC-001,15,15,1,936
"CORPORAT
ION OF
CHENNAI",Govt.,Tamil Nadu,Chennai,Chennai,Mrh Road Near Mtc Bus Depot Madhavaram,13.152623,80.228437,Bharat DC-001,15,15,1,936
"CORPORAT
ION OF
CHENNAI",Govt.,Tamil Nadu,Chennai,Chennai,Mrh Road Near Mtc Bus Depot Madhavaram,13.152623,80.228437,Bharat DC-001,15,15,1,936
"CORPORAT
ION OF
CHENNAI",Govt.,Tamil Nadu,Chennai,Chennai,Mrh Road Near Mtc Bus Depot Madhavaram,13.152623,80.228437,Bharat DC-001,15,15,1,936
"CORPORAT
ION OF
CHENNAI",Govt.,Tamil Nadu,Chennai,Chennai,Mrh Road Near Mtc Bus Depot Madhavaram,13.152623,80.228437,Bharat DC-001,15,15,1,936
"CORPORAT
ION OF
CHENNAI",Govt.,Tamil Nadu,Chennai,Chennai,"Balakrishnapuram Burial Ground,Balakrishnapuram Main
Road,Adambakkam,Alandur",12.99303,80.20593,CCS-II,50,50,1,936
"CORPORAT
ION OF
CHENNAI",Govt.,Tamil Nadu,Chennai,Chennai,"Balakrishnapuram Burial Ground,Balakrishnapuram Main
Road,Adambakkam,Alandur",12.99303,80.20593,CCS-II,50,50,1,936
"CORPORAT
ION OF
CHENNAI",Govt.,Tamil Nadu,Chennai,Chennai,"Near Amma Unavagam, Sivagnanam St, T.Nagar.",13.0396,80.236,Bharat AC-001,1.1,1.1,1,936
"CORPORAT
ION OF
CHENNAI",Govt.,Tamil Nadu,Chennai,Chennai,"Near Amma Unavagam, Sivagnanam St, T.Nagar.",13.0396,80.236,Bharat AC-001,1.1,1.1,1,936
"CORPORAT
ION OF
CHENNAI",Govt.,Tamil Nadu,Chennai,Chennai,"Near Amma Unavagam, Sivagnanam St, T.Nagar.",13.0396,80.236,Bharat AC-001,1.1,1.1,1,936
"CORPORAT
ION OF
CHENNAI",Govt.,Tamil Nadu,Chennai,Chennai,"Near Amma Unavagam, Sivagnanam St, T.Nagar.",13.0396,80.236,Bharat AC-001,1.1,1.1,1,937
"CORPORAT
ION OF
CHENNAI",Govt.,Tamil Nadu,Chennai,Chennai,"Near Amma Unavagam, Sivagnanam St, T.Nagar.",13.0396,80.236,Bharat AC-001,1.1,1.1,1,937
"CORPORAT
ION OF
CHENNAI",Govt.,Tamil Nadu,Chennai,Chennai,"Near Amma Unavagam, Sivagnanam St, T.Nagar.",13.0396,80.236,Bharat AC-001,1.1,1.1,1,937
"CORPORAT
ION OF
CHENNAI",Govt.,Tamil Nadu,Chennai,Chennai,"Near Amma Unavagam, Sivagnanam St, T.Nagar.",13.0396,80.236,Bharat AC-001,1.1,1.1,1,937
"CORPORAT
ION OF
CHENNAI",Govt.,Tamil Nadu,Chennai,Chennai,"Near Amma Unavagam, Sivagnanam St, T.Nagar.",13.0396,80.236,Bharat AC-001,1.1,1.1,1,937
"CORPORAT
ION OF
CHENNAI",Govt.,Tamil Nadu,Chennai,Chennai,"Near Amma Unavagam, Sivagnanam St, T.Nagar.",13.0396,80.236,Bharat AC-001,1.1,1.1,1,937
"CORPORAT
ION OF
CHENNAI",Govt.,Tamil Nadu,Chennai,Chennai,"Near Amma Unavagam, Sivagnanam St, T.Nagar.",13.0396,80.236,Bharat AC-001,1.1,1.1,1,937
"CORPORAT
ION OF
CHENNAI",Govt.,Tamil Nadu,Chennai,Chennai,"Near Amma Unavagam, Sivagnanam St, T.Nagar.",13.0396,80.236,Bharat AC-001,1.1,1.1,1,937
"CORPORAT
ION OF
CHENNAI",Govt.,Tamil Nadu,Chennai,Chennai,"Near Amma Unavagam, Sivagnanam St, T.Nagar.",13.0396,80.236,Bharat AC-001,1.1,1.1,1,937
"CORPORAT
ION OF
CHENNAI",Govt.,Tamil Nadu,Chennai,Chennai,"Near Amma Unavagam, Sivagnanam St, T.Nagar.",13.0396,80.236,Bharat AC-001,1.1,1.1,1,937
"CORPORAT
ION OF
CHENNAI",Govt.,Tamil Nadu,Chennai,Chennai,"Near Amma Unavagam, Sivagnanam St, T.Nagar.",13.0396,80.236,Bharat AC-001,1.1,1.1,1,937
"CORPORAT
ION OF
CHENNAI",Govt.,Tamil Nadu,Chennai,Chennai,"Near Amma Unavagam, Sivagnanam St, T.Nagar.",13.0396,80.236,Bharat AC-001,1.1,1.1,1,937
"CORPORAT
ION OF
CHENNAI",Govt.,Tamil Nadu,Chennai,Chennai,"Near Amma Unavagam, Sivagnanam St, T.Nagar.",13.0396,80.236,Bharat AC-001,1.1,1.1,1,937
"CORPORAT
ION OF
CHENNAI",Govt.,Tamil Nadu,Chennai,Chennai,"Near Amma Unavagam, Sivagnanam St, T.Nagar.",13.0396,80.236,Bharat AC-001,1.1,1.1,1,937
"CORPORAT
ION OF
CHENNAI",Govt.,Tamil Nadu,Chennai,Chennai,"Near Amma Unavagam, Sivagnanam St, T.Nagar.",13.0396,80.236,Bharat AC-001,1.1,1.1,1,937
"CORPORAT
ION OF
CHENNAI",Govt.,Tamil Nadu,Chennai,Chennai,"Near Amma Unavagam, Sivagnanam St, T.Nagar.",13.0396,80.236,Bharat AC-001,1.1,1.1,1,938
"CORPORAT
ION OF
CHENNAI",Govt.,Tamil Nadu,Chennai,Chennai,"Near Amma Unavagam, Sivagnanam St, T.Nagar.",13.0396,80.236,Bharat AC-001,1.1,1.1,1,938
"CORPORAT
ION OF
CHENNAI",Govt.,Tamil Nadu,Chennai,Chennai,"Near Amma Unavagam, Sivagnanam St, T.Nagar.",13.0396,80.236,Bharat AC-001,1.1,1.1,1,938
"CORPORAT
ION OF
CHENNAI",Govt.,Tamil Nadu,Chennai,Chennai,"Near Amma Unavagam, Sivagnanam St, T.Nagar.",13.0396,80.236,Bharat AC-001,1.1,1.1,1,938
"CORPORAT
ION OF
CHENNAI",Govt.,Tamil Nadu,Chennai,Chennai,"Near Amma Unavagam, Sivagnanam St, T.Nagar.",13.0396,80.236,Bharat AC-001,1.1,1.1,1,938
"CORPORAT
ION OF
CHENNAI",Govt.,Tamil Nadu,Chennai,Chennai,"Near Amma Unavagam, Sivagnanam St, T.Nagar.",13.0396,80.236,Bharat AC-001,1.1,1.1,1,938
"CORPORAT
ION OF
CHENNAI",Govt.,Tamil Nadu,Chennai,Chennai,"Near Amma Unavagam, Sivagnanam St, T.Nagar.",13.0396,80.236,Bharat AC-001,1.1,1.1,1,938
"CORPORAT
ION OF
CHENNAI",Govt.,Tamil Nadu,Chennai,Chennai,"Near Amma Unavagam, Sivagnanam St, T.Nagar.",13.0396,80.236,Bharat AC-001,1.1,1.1,1,938
"CORPORAT
ION OF
CHENNAI",Govt.,Tamil Nadu,Chennai,Chennai,"Near Amma Unavagam, Sivagnanam St, T.Nagar.",13.0396,80.236,Bharat AC-001,1.1,1.1,1,938
"CORPORAT
ION OF
CHENNAI",Govt.,Tamil Nadu,Chennai,Chennai,"Near Amma Unavagam, Sivagnanam St, T.Nagar.",13.0396,80.236,Bharat AC-001,1.1,1.1,1,938
"CORPORAT
ION OF
CHENNAI",Govt.,Tamil Nadu,Chennai,Chennai,"Near Amma Unavagam, Sivagnanam St, T.Nagar.",13.0396,80.236,Bharat AC-001,1.1,1.1,1,938
"CORPORAT
ION OF
CHENNAI",Govt.,Tamil Nadu,Chennai,Chennai,"Near Amma Unavagam, Sivagnanam St, T.Nagar.",13.0396,80.236,Bharat AC-001,1.1,1.1,1,938
"CORPORAT
ION OF
CHENNAI",Govt.,Tamil Nadu,Chennai,Chennai,"Near Amma Unavagam, Sivagnanam St, T.Nagar.",13.0396,80.236,Bharat AC-001,1.1,1.1,1,938
"CORPORAT
ION OF
CHENNAI",Govt.,Tamil Nadu,Chennai,Chennai,"Near Amma Unavagam, Sivagnanam St, T.Nagar.",13.0396,80.236,Bharat AC-001,1.1,1.1,1,938
"CORPORAT
ION OF
CHENNAI",Govt.,Tamil Nadu,Chennai,Chennai,"Near Amma Unavagam, Sivagnanam St, T.Nagar.",13.0396,80.236,Bharat AC-001,1.1,1.1,1,938
"CORPORAT
ION OF
CHENNAI",Govt.,Tamil Nadu,Chennai,Chennai,"Near Amma Unavagam, Sivagnanam St, T.Nagar.",13.0396,80.236,Bharat AC-001,1.1,1.1,1,939
"CORPORAT
ION OF
CHENNAI",Govt.,Tamil Nadu,Chennai,Chennai,"Near Amma Unavagam, Sivagnanam St, T.Nagar.",13.0396,80.236,Bharat AC-001,1.1,1.1,1,939
"CORPORAT
ION OF
CHENNAI",Govt.,Tamil Nadu,Chennai,Chennai,"Near Amma Unavagam, Sivagnanam St, T.Nagar.",13.0396,80.236,Bharat AC-001,1.1,1.1,1,939
"CORPORAT
ION OF
CHENNAI",Govt.,Tamil Nadu,Chennai,Chennai,"Near Amma Unavagam, Sivagnanam St, T.Nagar.",13.0396,80.236,Bharat AC-001,1.1,1.1,1,939
"CORPORAT
ION OF
CHENNAI",Govt.,Tamil Nadu,Chennai,Chennai,"Near Amma Unavagam, Sivagnanam St, T.Nagar.",13.0396,80.236,Bharat AC-001,1.1,1.1,1,939
"CORPORAT
ION OF
CHENNAI",Govt.,Tamil Nadu,Chennai,Chennai,"Near Amma Unavagam, Sivagnanam St, T.Nagar.",13.0396,80.236,Bharat AC-001,1.1,1.1,1,939
"CORPORAT
ION OF
CHENNAI",Govt.,Tamil Nadu,Chennai,Chennai,"Near Amma Unavagam, Sivagnanam St, T.Nagar.",13.0396,80.236,Bharat AC-001,1.1,1.1,1,939
"CORPORAT
ION OF
CHENNAI",Govt.,Tamil Nadu,Chennai,Chennai,"Near Amma Unavagam, Sivagnanam St, T.Nagar.",13.0396,80.236,Bharat AC-001,1.1,1.1,1,939
"CORPORAT
ION OF
CHENNAI",Govt.,Tamil Nadu,Chennai,Chennai,"Near Amma Unavagam, Sivagnanam St, T.Nagar.",13.0396,80.236,Bharat AC-001,1.1,1.1,1,939
"CORPORAT
ION OF
CHENNAI",Govt.,Tamil Nadu,Chennai,Chennai,"Near Amma Unavagam, Sivagnanam St, T.Nagar.",13.0396,80.236,Bharat AC-001,1.1,1.1,1,939
"CORPORAT
ION OF
CHENNAI",Govt.,Tamil Nadu,Chennai,Chennai,"Near Amma Unavagam, Sivagnanam St, T.Nagar.",13.0396,80.236,Bharat AC-001,1.1,1.1,1,939
"CORPORAT
ION OF
CHENNAI",Govt.,Tamil Nadu,Chennai,Chennai,"Near Amma Unavagam, Sivagnanam St, T.Nagar.",13.0396,80.236,Bharat AC-001,1.1,1.1,1,939
"CORPORAT
ION OF
CHENNAI",Govt.,Tamil Nadu,Chennai,Chennai,"Near Amma Unavagam, Sivagnanam St, T.Nagar.",13.0396,80.236,Bharat AC-001,1.1,1.1,1,939
"CORPORAT
ION OF
CHENNAI",Govt.,Tamil Nadu,Chennai,Chennai,"Near Amma Unavagam, Sivagnanam St, T.Nagar.",13.0396,80.236,Bharat AC-001,1.1,1.1,1,939
"CORPORAT
ION OF
CHENNAI",Govt.,Tamil Nadu,Chennai,Chennai,"Near Amma Unavagam, Sivagnanam St, T.Nagar.",13.0396,80.236,Bharat AC-001,1.1,1.1,1,939
"CORPORAT
ION OF
CHENNAI",Govt.,Tamil Nadu,Chennai,Chennai,"Near Amma Unavagam, Sivagnanam St, T.Nagar.",13.0396,80.236,Bharat AC-001,1.1,1.1,1,940
"CORPORAT
ION OF
CHENNAI",Govt.,Tamil Nadu,Chennai,Chennai,"Near Amma Unavagam, Sivagnanam St, T.Nagar.",13.0396,80.236,Bharat AC-001,1.1,1.1,1,940
"CORPORAT
ION OF
CHENNAI",Govt.,Tamil Nadu,Chennai,Chennai,"Near Amma Unavagam, Sivagnanam St, T.Nagar.",13.0396,80.236,Bharat AC-001,1.1,1.1,1,940
"CORPORAT
ION OF
CHENNAI",Govt.,Tamil Nadu,Chennai,Chennai,"Near Amma Unavagam, Sivagnanam St, T.Nagar.",13.0396,80.236,Bharat AC-001,1.1,1.1,1,940
"CORPORAT
ION OF
CHENNAI",Govt.,Tamil Nadu,Chennai,Chennai,"Near Amma Unavagam, Sivagnanam St, T.Nagar.",13.0396,80.236,Bharat AC-001,1.1,1.1,1,940
"CORPORAT
ION OF
CHENNAI",Govt.,Tamil Nadu,Chennai,Chennai,"Near Amma Unavagam, Sivagnanam St, T.Nagar.",13.0396,80.236,Bharat AC-001,1.1,1.1,1,940
"CORPORAT
ION OF
CHENNAI",Govt.,Tamil Nadu,Chennai,Chennai,"Near Amma Unavagam, Sivagnanam St, T.Nagar.",13.0396,80.236,Bharat AC-001,1.1,1.1,1,940
"CORPORAT
ION OF
CHENNAI",Govt.,Tamil Nadu,Chennai,Chennai,"Near Amma Unavagam, Sivagnanam St, T.Nagar.",13.0396,80.236,Bharat AC-001,1.1,1.1,1,940
"CORPORAT
ION OF
CHENNAI",Govt.,Tamil Nadu,Chennai,Chennai,"Near Amma Unavagam, Sivagnanam St, T.Nagar.",13.0396,80.236,Bharat AC-001,1.1,1.1,1,940
"CORPORAT
ION OF
CHENNAI",Govt.,Tamil Nadu,Chennai,Chennai,"Near Amma Unavagam, Sivagnanam St, T.Nagar.",13.0396,80.236,Bharat AC-001,1.1,1.1,1,940
"CORPORAT
ION OF
CHENNAI",Govt.,Tamil Nadu,Chennai,Chennai,"Near Amma Unavagam, Sivagnanam St, T.Nagar.",13.0396,80.236,Bharat AC-001,1.1,1.1,1,940
"CORPORAT
ION OF
CHENNAI",Govt.,Tamil Nadu,Chennai,Chennai,"Near Amma Unavagam, Sivagnanam St, T.Nagar.",13.0396,80.236,Bharat AC-001,1.1,1.1,1,940
"CORPORAT
ION OF
CHENNAI",Govt.,Tamil Nadu,Chennai,Chennai,"Near Amma Unavagam, Sivagnanam St, T.Nagar.",13.0396,80.236,Bharat AC-001,1.1,1.1,1,940
"CORPORAT
ION OF
CHENNAI",Govt.,Tamil Nadu,Chennai,Chennai,"Near Amma Unavagam, Sivagnanam St, T.Nagar.",13.0396,80.236,Bharat AC-001,1.1,1.1,1,940
"CORPORAT
ION OF
CHENNAI",Govt.,Tamil Nadu,Chennai,Chennai,"Near Amma Unavagam, Sivagnanam St, T.Nagar.",13.0396,80.236,Bharat AC-001,1.1,1.1,1,940
"CORPORAT
ION OF
CHENNAI",Govt.,Tamil Nadu,Chennai,Chennai,"Near Amma Unavagam, Sivagnanam St, T.Nagar.",13.0396,80.236,Bharat AC-001,1.1,1.1,1,941
"CORPORAT
ION OF
CHENNAI",Govt.,Tamil Nadu,Chennai,Chennai,"Near Amma Unavagam, Sivagnanam St, T.Nagar.",13.0396,80.236,Bharat AC-001,1.1,1.1,1,941
"CORPORAT
ION OF
CHENNAI",Govt.,Tamil Nadu,Chennai,Chennai,"Near Amma Unavagam, Sivagnanam St, T.Nagar.",13.0396,80.236,Bharat AC-001,1.1,1.1,1,941
"CORPORAT
ION OF
CHENNAI",Govt.,Tamil Nadu,Chennai,Chennai,"Near Amma Unavagam, Sivagnanam St, T.Nagar.",13.0396,80.236,Bharat AC-001,1.1,1.1,1,941
"CORPORAT
ION OF
CHENNAI",Govt.,Tamil Nadu,Chennai,Chennai,"Near Amma Unavagam, Sivagnanam St, T.Nagar.",13.0396,80.236,Bharat AC-001,1.1,1.1,1,941
"CORPORAT
ION OF
CHENNAI",Govt.,Tamil Nadu,Chennai,Chennai,"Near Amma Unavagam, Sivagnanam St, T.Nagar.",13.0396,80.236,Bharat AC-001,1.1,1.1,1,941
"CORPORAT
ION OF
CHENNAI",Govt.,Tamil Nadu,Chennai,Chennai,"Near Amma Unavagam, Sivagnanam St, T.Nagar.",13.0396,80.236,Bharat AC-001,1.1,1.1,1,941
"CORPORAT
ION OF
CHENNAI",Govt.,Tamil Nadu,Chennai,Chennai,"Near Amma Unavagam, Sivagnanam St, T.Nagar.",13.0396,80.236,Bharat AC-001,1.1,1.1,1,941
"CORPORAT
ION OF
CHENNAI",Govt.,Tamil Nadu,Chennai,Chennai,"Near Amma Unavagam, Sivagnanam St, T.Nagar.",13.0396,80.236,Bharat AC-001,1.1,1.1,1,941
"CORPORAT
ION OF
CHENNAI",Govt.,Tamil Nadu,Chennai,Chennai,"Near Amma Unavagam, Sivagnanam St, T.Nagar.",13.0396,80.236,Bharat AC-001,1.1,1.1,1,941
"CORPORAT
ION OF
CHENNAI",Govt.,Tamil Nadu,Chennai,Chennai,"Near Amma Unavagam, Sivagnanam St, T.Nagar.",13.0396,80.236,Bharat AC-001,1.1,1.1,1,941
"CORPORAT
ION OF
CHENNAI",Govt.,Tamil Nadu,Chennai,Chennai,"Near Amma Unavagam, Sivagnanam St, T.Nagar.",13.0396,80.236,Bharat AC-001,1.1,1.1,1,941
"CORPORAT
ION OF
CHENNAI",Govt.,Tamil Nadu,Chennai,Chennai,"Near Amma Unavagam, Sivagnanam St, T.Nagar.",13.0396,80.236,Bharat AC-001,1.1,1.1,1,941
"CORPORAT
ION OF
CHENNAI",Govt.,Tamil Nadu,Chennai,Chennai,"Near Amma Unavagam, Sivagnanam St, T.Nagar.",13.0396,80.236,Bharat AC-001,1.1,1.1,1,941
"CORPORAT
ION OF
CHENNAI",Govt.,Tamil Nadu,Chennai,Chennai,"Near Amma Unavagam, Sivagnanam St, T.Nagar.",13.0396,80.236,Bharat AC-001,1.1,1.1,1,941
"CORPORAT
ION OF
CHENNAI",Govt.,Tamil Nadu,Chennai,Chennai,"Near Amma Unavagam, Sivagnanam St, T.Nagar.",13.0396,80.236,Bharat AC-001,1.1,1.1,1,942
"CORPORAT
ION OF
CHENNAI",Govt.,Tamil Nadu,Chennai,Chennai,"Near Amma Unavagam, Sivagnanam St, T.Nagar.",13.0396,80.236,Bharat AC-001,1.1,1.1,1,942
"CORPORAT
ION OF
CHENNAI",Govt.,Tamil Nadu,Chennai,Ambattur,"Near Corporation Zonal Office, Cth Road, Ambattur",13.106305,80.152405,Bharat AC-001,1.1,1.1,1,942
"CORPORAT
ION OF
CHENNAI",Govt.,Tamil Nadu,Chennai,Ambattur,"Near Corporation Zonal Office, Cth Road, Ambattur",13.106305,80.152405,Bharat AC-001,1.1,1.1,1,942
"CORPORAT
ION OF
CHENNAI",Govt.,Tamil Nadu,Chennai,Ambattur,"Near Corporation Zonal Office, Cth Road, Ambattur",13.106305,80.152405,Bharat AC-001,1.1,1.1,1,942
"CORPORAT
ION OF
CHENNAI",Govt.,Tamil Nadu,Chennai,Ambattur,"Near Corporation Zonal Office, Cth Road, Ambattur",13.106305,80.152405,Bharat AC-001,1.1,1.1,1,942
"CORPORAT
ION OF
CHENNAI",Govt.,Tamil Nadu,Chennai,Ambattur,"Near Corporation Zonal Office, Cth Road, Ambattur",13.106305,80.152405,Bharat AC-001,1.1,1.1,1,942
"CORPORAT
ION OF
CHENNAI",Govt.,Tamil Nadu,Chennai,Ambattur,"Near Corporation Zonal Office, Cth Road, Ambattur",13.106305,80.152405,Bharat AC-001,1.1,1.1,1,942
"CORPORAT
ION OF
CHENNAI",Govt.,Tamil Nadu,Chennai,Ambattur,"Near Corporation Zonal Office, Cth Road, Ambattur",13.106305,80.152405,Bharat AC-001,1.1,1.1,1,942
"CORPORAT
ION OF
CHENNAI",Govt.,Tamil Nadu,Chennai,Ambattur,"Near Corporation Zonal Office, Cth Road, Ambattur",13.106305,80.152405,Bharat AC-001,1.1,1.1,1,942
"CORPORAT
ION OF
CHENNAI",Govt.,Tamil Nadu,Chennai,Ambattur,"Near Corporation Zonal Office, Cth Road, Ambattur",13.106305,80.152405,Bharat AC-001,1.1,1.1,1,942
"CORPORAT
ION OF
CHENNAI",Govt.,Tamil Nadu,Chennai,Ambattur,"Near Corporation Zonal Office, Cth Road, Ambattur",13.106305,80.152405,Bharat AC-001,1.1,1.1,1,942
"CORPORAT
ION OF
CHENNAI",Govt.,Tamil Nadu,Chennai,Ambattur,"Near Corporation Zonal Office, Cth Road, Ambattur",13.106305,80.152405,Bharat AC-001,1.1,1.1,1,942
"CORPORAT
ION OF
CHENNAI",Govt.,Tamil Nadu,Chennai,Ambattur,"Near Corporation Zonal Office, Cth Road, Ambattur",13.106305,80.152405,Bharat AC-001,1.1,1.1,1,942
"CORPORAT
ION OF
CHENNAI",Govt.,Tamil Nadu,Chennai,Ambattur,"Near Corporation Zonal Office, Cth Road, Ambattur",13.106305,80.152405,Bharat AC-001,1.1,1.1,1,942
"CORPORAT
ION OF
CHENNAI",Govt.,Tamil Nadu,Chennai,Ambattur,"Near Corporation Zonal Office, Cth Road, Ambattur",13.106305,80.152405,Bharat AC-001,1.1,1.1,1,943
"CORPORAT
ION OF
CHENNAI",Govt.,Tamil Nadu,Chennai,Ambattur,"Near Corporation Zonal Office, Cth Road, Ambattur",13.106305,80.152405,Bharat AC-001,1.1,1.1,1,943
"CORPORAT
ION OF
CHENNAI",Govt.,Tamil Nadu,Chennai,Ambattur,"Near Corporation Zonal Office, Cth Road, Ambattur",13.106305,80.152405,Bharat AC-001,1.1,1.1,1,943
"CORPORAT
ION OF
CHENNAI",Govt.,Tamil Nadu,Chennai,Ambattur,"Near Corporation Zonal Office, Cth Road, Ambattur",13.106305,80.152405,Bharat AC-001,1.1,1.1,1,943
"CORPORAT
ION OF
CHENNAI",Govt.,Tamil Nadu,Chennai,Ambattur,"Near Corporation Zonal Office, Cth Road, Ambattur",13.106305,80.152405,Bharat AC-001,1.1,1.1,1,943
"CORPORAT
ION OF
CHENNAI",Govt.,Tamil Nadu,Chennai,Ambattur,"Near Corporation Zonal Office, Cth Road, Ambattur",13.106305,80.152405,Bharat AC-001,1.1,1.1,1,943
"CORPORAT
ION OF
CHENNAI",Govt.,Tamil Nadu,Chennai,Ambattur,"Near Corporation Zonal Office, Cth Road, Ambattur",13.106305,80.152405,Bharat AC-001,1.1,1.1,1,943
"CORPORAT
ION OF
CHENNAI",Govt.,Tamil Nadu,Chennai,Chennai,"Kundramedu Burial Ground,Mugalivakkam Main
Road,Mugalivakkam,Mugalivakkam",13.01697,80.17153,CCS-II,50,50,1,943
"CORPORAT
ION OF
CHENNAI",Govt.,Tamil Nadu,Chennai,Chennai,"Kundramedu Burial Ground,Mugalivakkam Main
Road,Mugalivakkam,Mugalivakkam",13.01697,80.17153,CCS-II,50,50,1,943
"CORPORAT
ION OF
CHENNAI",Govt.,Tamil Nadu,Chennai,Chennai,"Kundramedu Burial Ground,Mugalivakkam Main
Road,Mugalivakkam,Mugalivakkam",13.01697,80.17153,CCS-II,50,50,1,943
"CORPORAT
ION OF
CHENNAI",Govt.,Tamil Nadu,Chennai,Chennai,"Kundramedu Burial Ground,Mugalivakkam Main
Road,Mugalivakkam,Mugalivakkam",13.01697,80.17153,CCS-II,50,50,1,943
"CORPORAT
ION OF
CHENNAI",Govt.,Tamil Nadu,Chennai,Chennai,"Near 24 Hrs Govt Hospital, Harichandra Main Road, Injambakkam",12.922066,80.252989,CCS-II,50,50,1,943
"CORPORAT
ION OF
CHENNAI",Govt.,Tamil Nadu,Chennai,Chennai,No.1 E.Ex Road Ci Office Thazhang Kuppam Ennore Chennai-57,13.206878,80.321608,Bharat AC-001,3.3,3.3,1,943
"CORPORAT
ION OF
CHENNAI",Govt.,Tamil Nadu,Chennai,Chennai,No.1 E.Ex Road Ci Office Thazhang Kuppam Ennore Chennai-57,13.206878,80.321608,Bharat AC-001,3.3,3.3,1,943
"CORPORAT
ION OF
CHENNAI",Govt.,Tamil Nadu,Chennai,Chennai,No.1 E.Ex Road Ci Office Thazhang Kuppam Ennore Chennai-57,13.206878,80.321608,Bharat AC-001,3.3,3.3,1,943
"CORPORAT
ION OF
CHENNAI",Govt.,Tamil Nadu,Chennai,Chennai,No.1 E.Ex Road Ci Office Thazhang Kuppam Ennore Chennai-57,13.206878,80.321608,Bharat AC-001,3.3,3.3,1,944
"CORPORAT
ION OF
CHENNAI",Govt.,Tamil Nadu,Chennai,Chennai,No.1 E.Ex Road Ci Office Thazhang Kuppam Ennore Chennai-57,13.206878,80.321608,Bharat AC-001,3.3,3.3,1,944
"CORPORAT
ION OF
CHENNAI",Govt.,Tamil Nadu,Chennai,Chennai,No.1 E.Ex Road Ci Office Thazhang Kuppam Ennore Chennai-57,13.206878,80.321608,Bharat AC-001,3.3,3.3,1,944
"CORPORAT
ION OF
CHENNAI",Govt.,Tamil Nadu,Chennai,Chennai,No.1 E.Ex Road Ci Office Thazhang Kuppam Ennore Chennai-57,13.206878,80.321608,Bharat AC-001,3.3,3.3,1,944
"CORPORAT
ION OF
CHENNAI",Govt.,Tamil Nadu,Chennai,Chennai,"Open Ground Kamaraj Salai,Rap, Kamraj Salai, R.A.Puram, Mylapore.",13.022592,80.259181,Bharat AC-001,1.1,1.1,1,945
"CORPORAT
ION OF
CHENNAI",Govt.,Tamil Nadu,Chennai,Chennai,"Open Ground Kamaraj Salai,Rap, Kamraj Salai, R.A.Puram, Mylapore.",13.022592,80.259181,Bharat AC-001,1.1,1.1,1,945
"CORPORAT
ION OF
CHENNAI",Govt.,Tamil Nadu,Chennai,Chennai,"Open Ground Kamaraj Salai,Rap, Kamraj Salai, R.A.Puram, Mylapore.",13.022592,80.259181,Bharat AC-001,1.1,1.1,1,946
"CORPORAT
ION OF
CHENNAI",Govt.,Tamil Nadu,Chennai,Chennai,"Open Ground Kamaraj Salai,Rap, Kamraj Salai, R.A.Puram, Mylapore.",13.022592,80.259181,Bharat AC-001,1.1,1.1,1,946
"CORPORAT
ION OF
CHENNAI",Govt.,Tamil Nadu,Chennai,Chennai,"Open Ground Kamaraj Salai,Rap, Kamraj Salai, R.A.Puram, Mylapore.",13.022592,80.259181,Bharat AC-001,1.1,1.1,1,946
"CORPORAT
ION OF
CHENNAI",Govt.,Tamil Nadu,Chennai,Chennai,"Open Ground Kamaraj Salai,Rap, Kamraj Salai, R.A.Puram, Mylapore.",13.022592,80.259181,Bharat AC-001,1.1,1.1,1,946
"CORPORAT
ION OF
CHENNAI",Govt.,Tamil Nadu,Chennai,Chennai,"Open Ground Kamaraj Salai,Rap, Kamraj Salai, R.A.Puram, Mylapore.",13.022592,80.259181,Bharat AC-001,1.1,1.1,1,946
"CORPORAT
ION OF
CHENNAI",Govt.,Tamil Nadu,Chennai,Chennai,"Open Ground Kamaraj Salai,Rap, Kamraj Salai, R.A.Puram, Mylapore.",13.022592,80.259181,Bharat AC-001,1.1,1.1,1,946
"CORPORAT
ION OF
CHENNAI",Govt.,Tamil Nadu,Chennai,Chennai,"Open Ground Kamaraj Salai,Rap, Kamraj Salai, R.A.Puram, Mylapore.",13.022592,80.259181,Bharat AC-001,1.1,1.1,1,946
"CORPORAT
ION OF
CHENNAI",Govt.,Tamil Nadu,Chennai,Chennai,"Open Ground Kamaraj Salai,Rap, Kamraj Salai, R.A.Puram, Mylapore.",13.022592,80.259181,Bharat AC-001,1.1,1.1,1,946
"CORPORAT
ION OF
CHENNAI",Govt.,Tamil Nadu,Chennai,Chennai,"Open Ground Kamaraj Salai,Rap, Kamraj Salai, R.A.Puram, Mylapore.",13.022592,80.259181,Bharat AC-001,1.1,1.1,1,946
"CORPORAT
ION OF
CHENNAI",Govt.,Tamil Nadu,Chennai,Chennai,"Open Ground Kamaraj Salai,Rap, Kamraj Salai, R.A.Puram, Mylapore.",13.022592,80.259181,Bharat AC-001,1.1,1.1,1,946
"CORPORAT
ION OF
CHENNAI",Govt.,Tamil Nadu,Chennai,Chennai,"Open Ground Kamaraj Salai,Rap, Kamraj Salai, R.A.Puram, Mylapore.",13.022592,80.259181,Bharat AC-001,1.1,1.1,1,946
"CORPORAT
ION OF
CHENNAI",Govt.,Tamil Nadu,Chennai,Chennai,"Open Ground Kamaraj Salai,Rap, Kamraj Salai, R.A.Puram, Mylapore.",13.022592,80.259181,Bharat AC-001,1.1,1.1,1,946
"CORPORAT
ION OF
CHENNAI",Govt.,Tamil Nadu,Chennai,Chennai,"Open Ground Kamaraj Salai,Rap, Kamraj Salai, R.A.Puram, Mylapore.",13.022592,80.259181,Bharat AC-001,1.1,1.1,1,946
"CORPORAT
ION OF
CHENNAI",Govt.,Tamil Nadu,Chennai,Chennai,"Open Ground Kamaraj Salai,Rap, Kamraj Salai, R.A.Puram, Mylapore.",13.022592,80.259181,Bharat AC-001,1.1,1.1,1,946
"CORPORAT
ION OF
CHENNAI",Govt.,Tamil Nadu,Chennai,Chennai,"Open Ground Kamaraj Salai,Rap, Kamraj Salai, R.A.Puram, Mylapore.",13.022592,80.259181,Bharat AC-001,1.1,1.1,1,946
"CORPORAT
ION OF
CHENNAI",Govt.,Tamil Nadu,Chennai,Chennai,"Open Ground Kamaraj Salai,Rap, Kamraj Salai, R.A.Puram, Mylapore.",13.022592,80.259181,Bharat AC-001,1.1,1.1,1,947
"CORPORAT
ION OF
CHENNAI",Govt.,Tamil Nadu,Chennai,Chennai,"Open Ground Kamaraj Salai,Rap, Kamraj Salai, R.A.Puram, Mylapore.",13.022592,80.259181,Bharat AC-001,1.1,1.1,1,947
"CORPORAT
ION OF
CHENNAI",Govt.,Tamil Nadu,Chennai,Chennai,"Open Ground Kamaraj Salai,Rap, Kamraj Salai, R.A.Puram, Mylapore.",13.022592,80.259181,Bharat AC-001,1.1,1.1,1,947
"CORPORAT
ION OF
CHENNAI",Govt.,Tamil Nadu,Chennai,Chennai,"Near 24 Hrs Govt Hospital, Harichandra Main Road, Injambakkam",12.922066,80.252989,CCS-II,50,50,1,947
"CORPORAT
ION OF
CHENNAI",Govt.,Tamil Nadu,Chennai,Chennai,"Near 24 Hrs Govt Hospital, Harichandra Main Road, Injambakkam",12.922066,80.252989,CCS-II,50,50,1,947
"CORPORAT
ION OF
CHENNAI",Govt.,Tamil Nadu,Chennai,Mylapore,"Rayapettah High Road,Aids Centre, Mylapore, Chennai. Mylapore/Chennai",13.04087,80.26815,Bharat AC-001,1.1,1.1,1,947
"CORPORAT
ION OF
CHENNAI",Govt.,Tamil Nadu,Chennai,Mylapore,"Rayapettah High Road,Aids Centre, Mylapore, Chennai. Mylapore/Chennai",13.04087,80.26815,Bharat AC-001,1.1,1.1,1,947
"CORPORAT
ION OF
CHENNAI",Govt.,Tamil Nadu,Chennai,Mylapore,"Rayapettah High Road,Aids Centre, Mylapore, Chennai. Mylapore/Chennai",13.04087,80.26815,Bharat AC-001,1.1,1.1,1,947
"CORPORAT
ION OF
CHENNAI",Govt.,Tamil Nadu,Chennai,Mylapore,"Rayapettah High Road,Aids Centre, Mylapore, Chennai. Mylapore/Chennai",13.04087,80.26815,Bharat AC-001,1.1,1.1,1,947
"CORPORAT
ION OF
CHENNAI",Govt.,Tamil Nadu,Chennai,Mylapore,"Rayapettah High Road,Aids Centre, Mylapore, Chennai. Mylapore/Chennai",13.04087,80.26815,Bharat AC-001,1.1,1.1,1,947
"CORPORAT
ION OF
CHENNAI",Govt.,Tamil Nadu,Chennai,Mylapore,"Rayapettah High Road,Aids Centre, Mylapore, Chennai. Mylapore/Chennai",13.04087,80.26815,Bharat AC-001,1.1,1.1,1,947
"CORPORAT
ION OF
CHENNAI",Govt.,Tamil Nadu,Chennai,Mylapore,"Rayapettah High Road,Aids Centre, Mylapore, Chennai. Mylapore/Chennai",13.04087,80.26815,Bharat AC-001,1.1,1.1,1,947
"CORPORAT
ION OF
CHENNAI",Govt.,Tamil Nadu,Chennai,Mylapore,"Rayapettah High Road,Aids Centre, Mylapore, Chennai. Mylapore/Chennai",13.04087,80.26815,Bharat AC-001,1.1,1.1,1,947
"CORPORAT
ION OF
CHENNAI",Govt.,Tamil Nadu,Chennai,Mylapore,"Rayapettah High Road,Aids Centre, Mylapore, Chennai. Mylapore/Chennai",13.04087,80.26815,Bharat AC-001,1.1,1.1,1,947
"CORPORAT
ION OF
CHENNAI",Govt.,Tamil Nadu,Chennai,Chennai,"Near 24 Hrs Govt Hospital, Harichandra Main Road, Injambakkam",12.922066,80.252989,CCS-II,50,50,1,947
"CORPORAT
ION OF
CHENNAI",Govt.,Tamil Nadu,Chennai,Chennai,"Near Metro Water Pump Station,Anna Main Road, K.K.Nagar,
Chennai,Chennai",13.037252,80.19747,CCS-II,50,50,1,948
"CORPORAT
ION OF
CHENNAI",Govt.,Tamil Nadu,Chennai,Chennai,"Sf No 29 Div 145,Location Near 1/15 Lbr School Ph
Road,Nerkundram,Chennai",13.0678,80.1859,Bharat AC-001,1.1,1.1,1,948
"CORPORAT
ION OF
CHENNAI",Govt.,Tamil Nadu,Chennai,Chennai,"Sf No 29 Div 145,Location Near 1/15 Lbr School Ph
Road,Nerkundram,Chennai",13.0678,80.1859,Bharat AC-001,1.1,1.1,1,948
"CORPORAT
ION OF
CHENNAI",Govt.,Tamil Nadu,Chennai,Chennai,"Sf No 29 Div 145,Location Near 1/15 Lbr School Ph
Road,Nerkundram,Chennai",13.0678,80.1859,Bharat AC-001,1.1,1.1,1,948
"CORPORAT
ION OF
CHENNAI",Govt.,Tamil Nadu,Chennai,Chennai,"Sf No 29 Div 145,Location Near 1/15 Lbr School Ph
Road,Nerkundram,Chennai",13.0678,80.1859,Bharat AC-001,1.1,1.1,1,948
"CORPORAT
ION OF
CHENNAI",Govt.,Tamil Nadu,Chennai,Chennai,"Sf No 29 Div 145,Location Near 1/15 Lbr School Ph
Road,Nerkundram,Chennai",13.0678,80.1859,Bharat AC-001,1.1,1.1,1,948
"CORPORAT
ION OF
CHENNAI",Govt.,Tamil Nadu,Chennai,Chennai,"Sf No 29 Div 145,Location Near 1/15 Lbr School Ph
Road,Nerkundram,Chennai",13.0678,80.1859,Bharat AC-001,1.1,1.1,1,948
"CORPORAT
ION OF
CHENNAI",Govt.,Tamil Nadu,Chennai,Chennai,"Sf No 29 Div 145,Location Near 1/15 Lbr School Ph
Road,Nerkundram,Chennai",13.0678,80.1859,Bharat AC-001,1.1,1.1,1,948
"CORPORAT
ION OF
CHENNAI",Govt.,Tamil Nadu,Chennai,Chennai,"Sf No 29 Div 145,Location Near 1/15 Lbr School Ph
Road,Nerkundram,Chennai",13.0678,80.1859,Bharat AC-001,1.1,1.1,1,948
"CORPORAT
ION OF
CHENNAI",Govt.,Tamil Nadu,Chennai,Chennai,"Sf No 29 Div 145,Location Near 1/15 Lbr School Ph
Road,Nerkundram,Chennai",13.0678,80.1859,Bharat AC-001,1.1,1.1,1,948
"CORPORAT
ION OF
CHENNAI",Govt.,Tamil Nadu,Chennai,Chennai,"Sf No 29 Div 145,Location Near 1/15 Lbr School Ph
Road,Nerkundram,Chennai",13.0678,80.1859,Bharat AC-001,1.1,1.1,1,948
"CORPORAT
ION OF
CHENNAI",Govt.,Tamil Nadu,Chennai,Chennai,"Sf No 29 Div 145,Location Near 1/15 Lbr School Ph
Road,Nerkundram,Chennai",13.0678,80.1859,Bharat AC-001,1.1,1.1,1,948
"CORPORAT
ION OF
CHENNAI",Govt.,Tamil Nadu,Chennai,Chennai,"Sf No 29 Div 145,Location Near 1/15 Lbr School Ph
Road,Nerkundram,Chennai",13.0678,80.1859,Bharat AC-001,1.1,1.1,1,948
"CORPORAT
ION OF
CHENNAI",Govt.,Tamil Nadu,Chennai,Chennai,"Sf No 29 Div 145,Location Near 1/15 Lbr School Ph
Road,Nerkundram,Chennai",13.0678,80.1859,Bharat AC-001,1.1,1.1,1,948
"CORPORAT
ION OF
CHENNAI",Govt.,Tamil Nadu,Chennai,Chennai,"Sf No 29 Div 145,Location Near 1/15 Lbr School Ph
Road,Nerkundram,Chennai",13.0678,80.1859,Bharat AC-001,1.1,1.1,1,948
"CORPORAT
ION OF
CHENNAI",Govt.,Tamil Nadu,Chennai,Chennai,"Sf No 29 Div 145,Location Near 1/15 Lbr School Ph
Road,Nerkundram,Chennai",13.0678,80.1859,Bharat AC-001,1.1,1.1,1,949
"CORPORAT
ION OF
CHENNAI",Govt.,Tamil Nadu,Chennai,Chennai,"Sf No 29 Div 145,Location Near 1/15 Lbr School Ph
Road,Nerkundram,Chennai",13.0678,80.1859,Bharat AC-001,1.1,1.1,1,949
"CORPORAT
ION OF
CHENNAI",Govt.,Tamil Nadu,Chennai,Chennai,"Sf No 29 Div 145,Location Near 1/15 Lbr School Ph
Road,Nerkundram,Chennai",13.0678,80.1859,Bharat AC-001,1.1,1.1,1,949
"CORPORAT
ION OF
CHENNAI",Govt.,Tamil Nadu,Chennai,Chennai,"Sf No 29 Div 145,Location Near 1/15 Lbr School Ph
Road,Nerkundram,Chennai",13.0678,80.1859,Bharat AC-001,1.1,1.1,1,949
"CORPORAT
ION OF
CHENNAI",Govt.,Tamil Nadu,Chennai,Chennai,"Sf No 29 Div 145,Location Near 1/15 Lbr School Ph
Road,Nerkundram,Chennai",13.0678,80.1859,Bharat AC-001,1.1,1.1,1,949
"CORPORAT
ION OF
CHENNAI",Govt.,Tamil Nadu,Chennai,Chennai,"Sf No 29 Div 145,Location Near 1/15 Lbr School Ph
Road,Nerkundram,Chennai",13.0678,80.1859,Bharat AC-001,1.1,1.1,1,949
"CORPORAT
ION OF
CHENNAI",Govt.,Tamil Nadu,Chennai,Chennai,"Sf No 29 Div 145,Location Near 1/15 Lbr School Ph
Road,Nerkundram,Chennai",13.0678,80.1859,Bharat AC-001,1.1,1.1,1,949
"CORPORAT
ION OF
CHENNAI",Govt.,Tamil Nadu,Chennai,Chennai,"Sf No 29 Div 145,Location Near 1/15 Lbr School Ph
Road,Nerkundram,Chennai",13.0678,80.1859,Bharat AC-001,1.1,1.1,1,949
"CORPORAT
ION OF
CHENNAI",Govt.,Tamil Nadu,Chennai,Chennai,"Sf No 29 Div 145,Location Near 1/15 Lbr School Ph
Road,Nerkundram,Chennai",13.0678,80.1859,Bharat AC-001,1.1,1.1,1,949
"CORPORAT
ION OF
CHENNAI",Govt.,Tamil Nadu,Chennai,Chennai,"Sf No 29 Div 145,Location Near 1/15 Lbr School Ph
Road,Nerkundram,Chennai",13.0678,80.1859,Bharat AC-001,1.1,1.1,1,949
"CORPORAT
ION OF
CHENNAI",Govt.,Tamil Nadu,Chennai,Chennai,"Sf No 29 Div 145,Location Near 1/15 Lbr School Ph
Road,Nerkundram,Chennai",13.0678,80.1859,Bharat AC-001,1.1,1.1,1,949
"CORPORAT
ION OF
CHENNAI",Govt.,Tamil Nadu,Chennai,Chennai,"Sf No 29 Div 145,Location Near 1/15 Lbr School Ph
Road,Nerkundram,Chennai",13.0678,80.1859,Bharat AC-001,1.1,1.1,1,949
"CORPORAT
ION OF
CHENNAI",Govt.,Tamil Nadu,Chennai,Chennai,"Sf No 29 Div 145,Location Near 1/15 Lbr School Ph
Road,Nerkundram,Chennai",13.0678,80.1859,Bharat AC-001,1.1,1.1,1,949
"CORPORAT
ION OF
CHENNAI",Govt.,Tamil Nadu,Chennai,Chennai,"Sf No 29 Div 145,Location Near 1/15 Lbr School Ph
Road,Nerkundram,Chennai",13.0678,80.1859,Bharat AC-001,1.1,1.1,1,949
"CORPORAT
ION OF
CHENNAI",Govt.,Tamil Nadu,Chennai,Chennai,"Sf No 29 Div 145,Location Near 1/15 Lbr School Ph
Road,Nerkundram,Chennai",13.0678,80.1859,Bharat AC-001,1.1,1.1,1,949
"CORPORAT
ION OF
CHENNAI",Govt.,Tamil Nadu,Chennai,Chennai,"Sf No 29 Div 145,Location Near 1/15 Lbr School Ph
Road,Nerkundram,Chennai",13.0678,80.1859,Bharat AC-001,1.1,1.1,1,950
"CORPORAT
ION OF
CHENNAI",Govt.,Tamil Nadu,Chennai,Chennai,"Sf No 29 Div 145,Location Near 1/15 Lbr School Ph
Road,Nerkundram,Chennai",13.0678,80.1859,Bharat AC-001,1.1,1.1,1,950
"CORPORAT
ION OF
CHENNAI",Govt.,Tamil Nadu,Chennai,Chennai,"Sf No 29 Div 145,Location Near 1/15 Lbr School Ph
Road,Nerkundram,Chennai",13.0678,80.1859,Bharat AC-001,1.1,1.1,1,950
"CORPORAT
ION OF
CHENNAI",Govt.,Tamil Nadu,Chennai,Chennai,"Sf No 29 Div 145,Location Near 1/15 Lbr School Ph
Road,Nerkundram,Chennai",13.0678,80.1859,Bharat AC-001,1.1,1.1,1,950
"CORPORAT
ION OF
CHENNAI",Govt.,Tamil Nadu,Chennai,Chennai,"Sf No 29 Div 145,Location Near 1/15 Lbr School Ph
Road,Nerkundram,Chennai",13.0678,80.1859,Bharat AC-001,1.1,1.1,1,950
"CORPORAT
ION OF
CHENNAI",Govt.,Tamil Nadu,Chennai,Chennai,"Sf No 29 Div 145,Location Near 1/15 Lbr School Ph
Road,Nerkundram,Chennai",13.0678,80.1859,Bharat AC-001,1.1,1.1,1,950
"CORPORAT
ION OF
CHENNAI",Govt.,Tamil Nadu,Chennai,Chennai,"Sf No 29 Div 145,Location Near 1/15 Lbr School Ph
Road,Nerkundram,Chennai",13.0678,80.1859,Bharat AC-001,1.1,1.1,1,950
"CORPORAT
ION OF
CHENNAI",Govt.,Tamil Nadu,Chennai,Chennai,"Sf No 29 Div 145,Location Near 1/15 Lbr School Ph
Road,Nerkundram,Chennai",13.0678,80.1859,Bharat AC-001,1.1,1.1,1,950
"CORPORAT
ION OF
CHENNAI",Govt.,Tamil Nadu,Chennai,Chennai,"Sf No 29 Div 145,Location Near 1/15 Lbr School Ph
Road,Nerkundram,Chennai",13.0678,80.1859,Bharat AC-001,1.1,1.1,1,950
"CORPORAT
ION OF
CHENNAI",Govt.,Tamil Nadu,Chennai,Chennai,"Sf No 29 Div 145,Location Near 1/15 Lbr School Ph
Road,Nerkundram,Chennai",13.0678,80.1859,Bharat AC-001,1.1,1.1,1,950
"CORPORAT
ION OF
CHENNAI",Govt.,Tamil Nadu,Chennai,Chennai,"Sf No 29 Div 145,Location Near 1/15 Lbr School Ph
Road,Nerkundram,Chennai",13.0678,80.1859,Bharat AC-001,1.1,1.1,1,950
"CORPORAT
ION OF
CHENNAI",Govt.,Tamil Nadu,Chennai,Chennai,"Sf No 29 Div 145,Location Near 1/15 Lbr School Ph
Road,Nerkundram,Chennai",13.0678,80.1859,Bharat AC-001,1.1,1.1,1,950
"CORPORAT
ION OF
CHENNAI",Govt.,Tamil Nadu,Chennai,Chennai,"Sf No 29 Div 145,Location Near 1/15 Lbr School Ph
Road,Nerkundram,Chennai",13.0678,80.1859,Bharat AC-001,1.1,1.1,1,950
"CORPORAT
ION OF
CHENNAI",Govt.,Tamil Nadu,Chennai,Chennai,"Sf No 29 Div 145,Location Near 1/15 Lbr School Ph
Road,Nerkundram,Chennai",13.0678,80.1859,Bharat AC-001,1.1,1.1,1,950
"CORPORAT
ION OF
CHENNAI",Govt.,Tamil Nadu,Chennai,Chennai,"Sf No 29 Div 145,Location Near 1/15 Lbr School Ph
Road,Nerkundram,Chennai",13.0678,80.1859,Bharat AC-001,1.1,1.1,1,950
"CORPORAT
ION OF
CHENNAI",Govt.,Tamil Nadu,Chennai,Chennai,"Sf No 29 Div 145,Location Near 1/15 Lbr School Ph
Road,Nerkundram,Chennai",13.0678,80.1859,Bharat AC-001,1.1,1.1,1,951
"CORPORAT
ION OF
CHENNAI",Govt.,Tamil Nadu,Chennai,Chennai,"Sf No 29 Div 145,Location Near 1/15 Lbr School Ph
Road,Nerkundram,Chennai",13.0678,80.1859,Bharat AC-001,1.1,1.1,1,951
"CORPORAT
ION OF
CHENNAI",Govt.,Tamil Nadu,Chennai,Chennai,"Sf No 29 Div 145,Location Near 1/15 Lbr School Ph
Road,Nerkundram,Chennai",13.0678,80.1859,Bharat AC-001,1.1,1.1,1,951
"CORPORAT
ION OF
CHENNAI",Govt.,Tamil Nadu,Chennai,Chennai,"Sf No 29 Div 145,Location Near 1/15 Lbr School Ph
Road,Nerkundram,Chennai",13.0678,80.1859,Bharat AC-001,1.1,1.1,1,951
"CORPORAT
ION OF
CHENNAI",Govt.,Tamil Nadu,Chennai,Chennai,"Sf No 29 Div 145,Location Near 1/15 Lbr School Ph
Road,Nerkundram,Chennai",13.0678,80.1859,Bharat AC-001,1.1,1.1,1,951
"CORPORAT
ION OF
CHENNAI",Govt.,Tamil Nadu,Chennai,Chennai,"Sf No 29 Div 145,Location Near 1/15 Lbr School Ph
Road,Nerkundram,Chennai",13.0678,80.1859,Bharat AC-001,1.1,1.1,1,951
"CORPORAT
ION OF
CHENNAI",Govt.,Tamil Nadu,Chennai,Chennai,"Sf No 29 Div 145,Location Near 1/15 Lbr School Ph
Road,Nerkundram,Chennai",13.0678,80.1859,Bharat AC-001,1.1,1.1,1,951
"CORPORAT
ION OF
CHENNAI",Govt.,Tamil Nadu,Chennai,Chennai,"Sf No 29 Div 145,Location Near 1/15 Lbr School Ph
Road,Nerkundram,Chennai",13.0678,80.1859,Bharat AC-001,1.1,1.1,1,951
"CORPORAT
ION OF
CHENNAI",Govt.,Tamil Nadu,Chennai,Chennai,"Sf No 29 Div 145,Location Near 1/15 Lbr School Ph
Road,Nerkundram,Chennai",13.0678,80.1859,Bharat AC-001,1.1,1.1,1,951
"CORPORAT
ION OF
CHENNAI",Govt.,Tamil Nadu,Chennai,Chennai,"Sf No 29 Div 145,Location Near 1/15 Lbr School Ph
Road,Nerkundram,Chennai",13.0678,80.1859,Bharat AC-001,1.1,1.1,1,951
"CORPORAT
ION OF
CHENNAI",Govt.,Tamil Nadu,Chennai,Chennai,"Sf No 29 Div 145,Location Near 1/15 Lbr School Ph
Road,Nerkundram,Chennai",13.0678,80.1859,Bharat AC-001,1.1,1.1,1,951
"CORPORAT
ION OF
CHENNAI",Govt.,Tamil Nadu,Chennai,Chennai,"Sf No 29 Div 145,Location Near 1/15 Lbr School Ph
Road,Nerkundram,Chennai",13.0678,80.1859,Bharat AC-001,1.1,1.1,1,951
"CORPORAT
ION OF
CHENNAI",Govt.,Tamil Nadu,Chennai,Chennai,"Sf No 29 Div 145,Location Near 1/15 Lbr School Ph
Road,Nerkundram,Chennai",13.0678,80.1859,Bharat AC-001,1.1,1.1,1,951
"CORPORAT
ION OF
CHENNAI",Govt.,Tamil Nadu,Chennai,Chennai,"Sf No 29 Div 145,Location Near 1/15 Lbr School Ph
Road,Nerkundram,Chennai",13.0678,80.1859,Bharat AC-001,1.1,1.1,1,951
"CORPORAT
ION OF
CHENNAI",Govt.,Tamil Nadu,Chennai,Chennai,"Sf No 29 Div 145,Location Near 1/15 Lbr School Ph
Road,Nerkundram,Chennai",13.0678,80.1859,Bharat AC-001,1.1,1.1,1,951
"CORPORAT
ION OF
CHENNAI",Govt.,Tamil Nadu,Chennai,Chennai,"Sf No 29 Div 145,Location Near 1/15 Lbr School Ph
Road,Nerkundram,Chennai",13.0678,80.1859,Bharat AC-001,1.1,1.1,1,952
"CORPORAT
ION OF
CHENNAI",Govt.,Tamil Nadu,Chennai,Chennai,"Sf No 29 Div 145,Location Near 1/15 Lbr School Ph
Road,Nerkundram,Chennai",13.0678,80.1859,Bharat AC-001,1.1,1.1,1,952
"CORPORAT
ION OF
CHENNAI",Govt.,Tamil Nadu,Chennai,Chennai,"Sf No 29 Div 145,Location Near 1/15 Lbr School Ph
Road,Nerkundram,Chennai",13.0678,80.1859,Bharat AC-001,1.1,1.1,1,952
"CORPORAT
ION OF
CHENNAI",Govt.,Tamil Nadu,Chennai,Chennai,"Sf No 29 Div 145,Location Near 1/15 Lbr School Ph
Road,Nerkundram,Chennai",13.0678,80.1859,Bharat AC-001,1.1,1.1,1,952
"CORPORAT
ION OF
CHENNAI",Govt.,Tamil Nadu,Chennai,Chennai,"Sf No 29 Div 145,Location Near 1/15 Lbr School Ph
Road,Nerkundram,Chennai",13.0678,80.1859,Bharat AC-001,1.1,1.1,1,952
"CORPORAT
ION OF
CHENNAI",Govt.,Tamil Nadu,Chennai,Chennai,"Sf No 29 Div 145,Location Near 1/15 Lbr School Ph
Road,Nerkundram,Chennai",13.0678,80.1859,Bharat AC-001,1.1,1.1,1,952
"CORPORAT
ION OF
CHENNAI",Govt.,Tamil Nadu,Chennai,Chennai,"Near Metro Water Pump Station,Anna Main Road, K.K.Nagar,
Chennai,Chennai",13.037252,80.19747,CCS-II,50,50,1,952
"CORPORAT
ION OF
CHENNAI",Govt.,Tamil Nadu,Chennai,Chennai,"Near Metro Water Pump Station,Anna Main Road, K.K.Nagar,
Chennai,Chennai",13.037252,80.19747,CCS-II,50,50,1,952
"CORPORAT
ION OF
CHENNAI",Govt.,Tamil Nadu,Chennai,Chennai,"Turnbullsroadgccnandanamd 12229, Turn Bulls Road, Chennai.",13.026949,80.245303,Bharat AC-001,1.1,1.1,1,952
"CORPORAT
ION OF
CHENNAI",Govt.,Tamil Nadu,Chennai,Chennai,"Turnbullsroadgccnandanamd 12229, Turn Bulls Road, Chennai.",13.026949,80.245303,Bharat AC-001,1.1,1.1,1,952
"CORPORAT
ION OF
CHENNAI",Govt.,Tamil Nadu,Chennai,Chennai,"Turnbullsroadgccnandanamd 12229, Turn Bulls Road, Chennai.",13.026949,80.245303,Bharat AC-001,1.1,1.1,1,952
"CORPORAT
ION OF
CHENNAI",Govt.,Tamil Nadu,Chennai,Chennai,"Turnbullsroadgccnandanamd 12229, Turn Bulls Road, Chennai.",13.026949,80.245303,Bharat AC-001,1.1,1.1,1,952
"CORPORAT
ION OF
CHENNAI",Govt.,Tamil Nadu,Chennai,Chennai,"Turnbullsroadgccnandanamd 12229, Turn Bulls Road, Chennai.",13.026949,80.245303,Bharat AC-001,1.1,1.1,1,952
"CORPORAT
ION OF
CHENNAI",Govt.,Tamil Nadu,Chennai,Chennai,"Turnbullsroadgccnandanamd 12229, Turn Bulls Road, Chennai.",13.026949,80.245303,Bharat AC-001,1.1,1.1,1,952
"CORPORAT
ION OF
CHENNAI",Govt.,Tamil Nadu,Chennai,Chennai,"Turnbullsroadgccnandanamd 12229, Turn Bulls Road, Chennai.",13.026949,80.245303,Bharat AC-001,1.1,1.1,1,952
"CORPORAT
ION OF
CHENNAI",Govt.,Tamil Nadu,Chennai,Chennai,"Turnbullsroadgccnandanamd 12229, Turn Bulls Road, Chennai.",13.026949,80.245303,Bharat AC-001,1.1,1.1,1,953
"CORPORAT
ION OF
CHENNAI",Govt.,Tamil Nadu,Chennai,Chennai,"Turnbullsroadgccnandanamd 12229, Turn Bulls Road, Chennai.",13.026949,80.245303,Bharat AC-001,1.1,1.1,1,953
"CORPORAT
ION OF
CHENNAI",Govt.,Tamil Nadu,Chennai,Chennai,"Turnbullsroadgccnandanamd 12229, Turn Bulls Road, Chennai.",13.026949,80.245303,Bharat AC-001,1.1,1.1,1,953
"CORPORAT
ION OF
CHENNAI",Govt.,Tamil Nadu,Chennai,Chennai,"Turnbullsroadgccnandanamd 12229, Turn Bulls Road, Chennai.",13.026949,80.245303,Bharat AC-001,1.1,1.1,1,953
"CORPORAT
ION OF
CHENNAI",Govt.,Tamil Nadu,Chennai,Chennai,"Turnbullsroadgccnandanamd 12229, Turn Bulls Road, Chennai.",13.026949,80.245303,Bharat AC-001,1.1,1.1,1,953
"CORPORAT
ION OF
CHENNAI",Govt.,Tamil Nadu,Chennai,Chennai,"Turnbullsroadgccnandanamd 12229, Turn Bulls Road, Chennai.",13.026949,80.245303,Bharat AC-001,1.1,1.1,1,953
"CORPORAT
ION OF
CHENNAI",Govt.,Tamil Nadu,Chennai,Chennai,"Turnbullsroadgccnandanamd 12229, Turn Bulls Road, Chennai.",13.026949,80.245303,Bharat AC-001,1.1,1.1,1,953
"CORPORAT
ION OF
CHENNAI",Govt.,Tamil Nadu,Chennai,Chennai,"Turnbullsroadgccnandanamd 12229, Turn Bulls Road, Chennai.",13.026949,80.245303,Bharat AC-001,1.1,1.1,1,953
"CORPORAT
ION OF
CHENNAI",Govt.,Tamil Nadu,Chennai,Chennai,"Turnbullsroadgccnandanamd 12229, Turn Bulls Road, Chennai.",13.026949,80.245303,Bharat AC-001,1.1,1.1,1,953
"CORPORAT
ION OF
CHENNAI",Govt.,Tamil Nadu,Chennai,Chennai,"Turnbullsroadgccnandanamd 12229, Turn Bulls Road, Chennai.",13.026949,80.245303,Bharat AC-001,1.1,1.1,1,953
"CORPORAT
ION OF
CHENNAI",Govt.,Tamil Nadu,Chennai,Chennai,"Turnbullsroadgccnandanamd 12229, Turn Bulls Road, Chennai.",13.026949,80.245303,Bharat AC-001,1.1,1.1,1,953
"CORPORAT
ION OF
CHENNAI",Govt.,Tamil Nadu,Chennai,Chennai,"Turnbullsroadgccnandanamd 12229, Turn Bulls Road, Chennai.",13.026949,80.245303,Bharat AC-001,1.1,1.1,1,953
"CORPORAT
ION OF
CHENNAI",Govt.,Tamil Nadu,Chennai,Chennai,"Turnbullsroadgccnandanamd 12229, Turn Bulls Road, Chennai.",13.026949,80.245303,Bharat AC-001,1.1,1.1,1,953
"CORPORAT
ION OF
CHENNAI",Govt.,Tamil Nadu,Chennai,Chennai,"Near Metro Water Pump Station,Anna Main Road, K.K.Nagar,
Chennai,Chennai",13.037252,80.19747,CCS-II,50,50,1,953
"CORPORAT
ION OF
CHENNAI",Govt.,Tamil Nadu,Chennai,Chennai,"Near Metro Water Pump Station,Kaliamman Main
Road,Koyambedu,Chennai",13.062679,80.201799,CCS-II,50,25,1,953
"CORPORAT
ION OF
CHENNAI",Govt.,Tamil Nadu,Chennai,Chennai,"Near Metro Water Pump Station,Kaliamman Main
Road,Koyambedu,Chennai",13.062679,80.201799,CCS-II,50,25,1,954
"CORPORAT
ION OF
CHENNAI",Govt.,Tamil Nadu,Chennai,Chennai,"Near Metro Water Pump Station,Kaliamman Main
Road,Koyambedu,Chennai",13.062679,80.201799,CCS-II,50,25,1,954
"CORPORAT
ION OF
CHENNAI",Govt.,Tamil Nadu,Chennai,Chennai,"Near Metro Water Pump Station,Kaliamman Main
Road,Koyambedu,Chennai",13.062679,80.201799,CCS-II,50,25,1,954
"CORPORAT
ION OF
CHENNAI",Govt.,Tamil Nadu,Chennai,Chennai,"Neduchellian Street, Sholinganallur",12.852976,80.228474,CCS-II,50,50,1,954
"CORPORAT
ION OF
CHENNAI",Govt.,Tamil Nadu,Chennai,Chennai,"Neduchellian Street, Sholinganallur",12.852976,80.228474,CCS-II,50,50,1,954
"CORPORAT
ION OF
CHENNAI",Govt.,Tamil Nadu,Chennai,Chennai,Opposite To Zonal Office Corporation Colony,13.053253,80.221336,CCS-II,50,25,1,954
"CORPORAT
ION OF
CHENNAI",Govt.,Tamil Nadu,Chennai,Chennai,Opposite To Zonal Office Corporation Colony,13.053253,80.221336,CCS-II,50,25,1,954
"CORPORAT
ION OF
CHENNAI",Govt.,Tamil Nadu,Chennai,Chennai,Opposite To Zonal Office Corporation Colony,13.053253,80.221336,CCS-II,50,25,1,954
"CORPORAT
ION OF
CHENNAI",Govt.,Tamil Nadu,Chennai,Chennai,Opposite To Zonal Office Corporation Colony,13.053253,80.221336,CCS-II,50,25,1,954
"CORPORAT
ION OF
CHENNAI",Govt.,Tamil Nadu,Chennai,Chennai,"School Road Junction Erikarai Street, Perungudi,Sholinganallur.",12.965365,80.246109,CCS-II,50,50,1,954
"CORPORAT
ION OF
CHENNAI",Govt.,Tamil Nadu,Chennai,Chennai,"School Road Junction Erikarai Street, Perungudi,Sholinganallur.",12.965365,80.246109,CCS-II,50,50,1,954
"CORPORAT
ION OF
CHENNAI",Govt.,Tamil Nadu,Chennai,Chennai,"School Road Junction Erikarai Street, Perungudi,Sholinganallur.",12.965365,80.246109,CCS-II,50,50,1,954
"CORPORAT
ION OF
CHENNAI",Govt.,Tamil Nadu,Chennai,Chennai,"School Road Junction Erikarai Street, Perungudi,Sholinganallur.",12.965365,80.246109,CCS-II,50,50,1,954
"CORPORAT
ION OF
CHENNAI",Govt.,Tamil Nadu,Chennai,Chennai,"Station, Kaliamman Main Road, Koyembedu, Chennai.",13.039713,80.168414,CCS-II,50,50,1,954
"CORPORAT
ION OF
CHENNAI",Govt.,Tamil Nadu,Chennai,Chennai,"Station, Kaliamman Main Road, Koyembedu, Chennai.",13.039713,80.168414,CCS-II,50,50,1,954
"CORPORAT
ION OF
CHENNAI",Govt.,Tamil Nadu,Chennai,Chennai,"Station, Kaliamman Main Road, Koyembedu, Chennai.",13.039713,80.168414,CCS-II,50,50,1,955
"CORPORAT
ION OF
CHENNAI",Govt.,Tamil Nadu,Chennai,Chennai,"Station, Kaliamman Main Road, Koyembedu, Chennai.",13.039713,80.168414,CCS-II,50,50,1,955
"CORPORAT
ION OF
CHENNAI",Govt.,Tamil Nadu,Chennai,Chennai,"Under Kodambakkam Bridge, Nsk Salai,Kodambakkam,Egmore",13.054212,80.230039,CCS-II,50,25,1,955
"CORPORAT
ION OF
CHENNAI",Govt.,Tamil Nadu,Chennai,Chennai,"Under Kodambakkam Bridge, Nsk Salai,Kodambakkam,Egmore",13.054212,80.230039,CCS-II,50,25,1,955
"CORPORAT
ION OF
CHENNAI",Govt.,Tamil Nadu,Chennai,Chennai,"Under Kodambakkam Bridge, Nsk Salai,Kodambakkam,Egmore",13.054212,80.230039,CCS-II,50,25,1,955
"CORPORAT
ION OF
CHENNAI",Govt.,Tamil Nadu,Chennai,Chennai,"Under Kodambakkam Bridge, Nsk Salai,Kodambakkam,Egmore",13.054212,80.230039,CCS-II,50,25,1,955
EESL,Govt.,Tamil Nadu,Chennai,Chennai,"3Rd Cross St E, Bharathi Puram, Shenoy Nagar, Chennai, Tamil Nadu, 600030",13.078481,80.22458,"Combo (CCS-II + CHAdeMo +
Type II)",142,60+60+22,3,955
EESL,Govt.,Tamil Nadu,Chennai,Chennai,"3Rd Cross St E, Bharathi Puram, Shenoy Nagar, Chennai, Tamil Nadu, 600030",13.078481,80.22458,"Combo (CCS-II + CHAdeMo +
Type II)",142,60+60+22,3,955
EESL,Govt.,Tamil Nadu,Chennai,Chennai,"3Rd Cross St E, Bharathi Puram, Shenoy Nagar, Chennai, Tamil Nadu, 600030",13.078481,80.22458,Bharat DC-001,15,15,1,955
EESL,Govt.,Tamil Nadu,Chennai,Chennai,"Alandur Metro Car Parking, Alandur, Chennai - 600016",13.003498,80.201548,Bharat DC-001,15,15,1,955
EESL,Govt.,Tamil Nadu,Chennai,Chennai,"Alandur Metro Car Parking, Alandur, Chennai - 600016",13.003498,80.201548,Bharat DC-001,15,15,1,955
EESL,Govt.,Tamil Nadu,Chennai,Chennai,"Anna Nagar East Metro Car Parking Area,(Near Bus Stop), Anna Nagar,
Chennai",13.084713,80.219897,Bharat DC-001,15,15,1,955
EESL,Govt.,Tamil Nadu,Chennai,Chennai,"Anna Nagar East Metro Car Parking Area,(Near Bus Stop), Anna Nagar,
Chennai",13.084713,80.219897,Bharat AC-001,10,3.3,3,955
EESL,Govt.,Tamil Nadu,Chennai,Chennai,"Anna Nagar East Metro Car Parking Area,(Near Bus Stop), Anna Nagar,
Chennai",13.084713,80.219897,Bharat AC-001,10,3.3,3,955
EESL,Govt.,Tamil Nadu,Chennai,Chennai,"Chennai Metro Rail Limited - Car Parking Area, Rathna Nagar, Alwarpet,
Chennai - 600035",13.031759,80.241923,Bharat DC-001,15,15,1,955
EESL,Govt.,Tamil Nadu,Chennai,Chennai,"Chennai Metro Rail Limited - Car Parking Area, Rathna Nagar, Alwarpet,
Chennai - 600035",13.031759,80.241923,Bharat AC-001,10,3.3,3,955
EESL,Govt.,Tamil Nadu,Chennai,Chennai,"Chennai Metro Rail Limited - Car Parking Area, Rathna Nagar, Alwarpet,
Chennai - 600035",13.031759,80.241923,Bharat AC-001,10,3.3,3,955
EESL,Govt.,Tamil Nadu,Chennai,Chennai,"Chennai Metro Washermanpet Station - Car Parking Area, Varadarajan St,
Railway Quarters, Old Washermanpet, Chennai, Tamil Nadu 600021",13.109148,80.281884,"Combo (CCS-II + CHAdeMo +
Type II)",122,50+50+22,3,955
EESL,Govt.,Tamil Nadu,Chennai,Chennai,Cmrl Car Parking Area Mannadi Metro,13.095333,80.286589,"Combo (CCS-II + CHAdeMo +
Type II)",122,50+50+22,3,955
EESL,Govt.,Tamil Nadu,Chennai,Chennai,Cmrl Central Metro Underground Car Parking,13.083348,80.274197,"Combo (CCS-II + CHAdeMo +
Type II)",122,50+50+22,3,955
EESL,Govt.,Tamil Nadu,Chennai,Chennai,Cmrl Shenoy Nagar Station Car Parking Area,13.082419,80.227795,"Combo (CCS-II + CHAdeMo +
Type II)",122,50+50+22,3,955
EESL,Govt.,Tamil Nadu,Chennai,Chennai,"Egmore Metro Car Parking Area, Egmore, Chennai",13.079097,80.261538,"Combo (CCS-II + CHAdeMo +
Type II)",142,60+60+22,3,955
EESL,Govt.,Tamil Nadu,Chennai,Chennai,"Egmore Metro Car Parking Area, Egmore, Chennai",13.079097,80.261538,"Combo (CCS-II + CHAdeMo +
Type II)",142,60+60+22,3,955
EESL,Govt.,Tamil Nadu,Chennai,Chennai,"Egmore Metro Car Parking Area, Egmore, Chennai",13.079097,80.261538,Bharat DC-001,15,15,1,955
EESL,Govt.,Tamil Nadu,Chennai,Chennai,"Four Wheeler Parking Area, Mahfushkhan Garden, Broadway, George Town,
Chennai, Tamil Nadu - 600108.",13.094889,80.285748,"Combo (CCS-II + CHAdeMo +
Type II)",142,60+60+22,3,955
EESL,Govt.,Tamil Nadu,Chennai,Chennai,"Four Wheeler Parking Area, Mahfushkhan Garden, Broadway, George Town,
Chennai, Tamil Nadu - 600108.",13.094889,80.285748,"Combo (CCS-II + CHAdeMo +
Type II)",142,60+60+22,3,956
EESL,Govt.,Tamil Nadu,Chennai,Chennai,"Four Wheeler Parking Area, Mahfushkhan Garden, Broadway, George Town,
Chennai, Tamil Nadu - 600108.",13.094889,80.285748,Bharat DC-001,15,15,1,956
EESL,Govt.,Tamil Nadu,Chennai,Chennai,"High Court Metro Station, Opp To Kuralagam, Parrys, Chennai",13.088249,80.285359,"Combo (CCS-II + CHAdeMo +
Type II)",142,60+60+22,3,956
EESL,Govt.,Tamil Nadu,Chennai,Chennai,"High Court Metro Station, Opp To Kuralagam, Parrys, Chennai",13.088249,80.285359,"Combo (CCS-II + CHAdeMo +
Type II)",142,60+60+22,3,956
EESL,Govt.,Tamil Nadu,Chennai,Chennai,"High Court Metro Station, Opp To Kuralagam, Parrys, Chennai",13.088249,80.285359,Bharat DC-001,15,15,1,956
EESL,Govt.,Tamil Nadu,Chennai,Chennai,"High Court Metro Station, Opp To Kuralagam, Parrys, Chennai",13.088249,80.285359,Bharat AC-001,10,3.3,3,956
EESL,Govt.,Tamil Nadu,Chennai,Chennai,"Koyambedu Metro Station Car Parking Area, Koyambedu, Chennai",13.074043,80.195354,Bharat DC-001,15,15,1,956
EESL,Govt.,Tamil Nadu,Chennai,Chennai,"Koyambedu Metro Station Car Parking Area, Koyambedu, Chennai",13.074043,80.195354,Bharat AC-001,10,3.3,3,956
EESL,Govt.,Tamil Nadu,Chennai,Chennai,"Near Solar Plant Bus Stop, Sastri Nagar, Chetpet, Chennai, Tamil Nadu -
600031.",13.078481,80.24948,"Combo (CCS-II + CHAdeMo +
Type II)",142,60+60+22,3,956
EESL,Govt.,Tamil Nadu,Chennai,Chennai,"Near Solar Plant Bus Stop, Sastri Nagar, Chetpet, Chennai, Tamil Nadu -
600031.",13.078481,80.24948,"Combo (CCS-II + CHAdeMo +
Type II)",142,60+60+22,3,956
EESL,Govt.,Tamil Nadu,Chennai,Chennai,"Near Solar Plant Bus Stop, Sastri Nagar, Chetpet, Chennai, Tamil Nadu -
600031.",13.078481,80.24948,Bharat DC-001,15,15,1,956
EESL,Govt.,Tamil Nadu,Chennai,Chennai,Puchiayppa'S College,13.07561,80.232114,"Combo (CCS-II + CHAdeMo +
Type II)",122,50+50+22,3,956
EESL,Govt.,Tamil Nadu,Chennai,Chennai,Puchiayppa'S College,13.07561,80.232114,Bharat DC-001,15,15,1,956
EESL,Govt.,Tamil Nadu,Chennai,Chennai,Puchiayppa'S College,13.07561,80.232114,"Combo (CCS-II + CHAdeMo +
Type II)",122,50+50+22,3,956
EESL,Govt.,Tamil Nadu,Chennai,Chennai,"Saidapet Metro Car Parking Area, Todd Hunter Nagar, Chennai, Tamil Nadu
600015",13.024264,80.228814,"Combo (CCS-II + CHAdeMo +
Type II)",142,60+60+22,3,956
EESL,Govt.,Tamil Nadu,Chennai,Chennai,"Saidapet Metro Car Parking Area, Todd Hunter Nagar, Chennai, Tamil Nadu
600015",13.024264,80.228814,"Combo (CCS-II + CHAdeMo +
Type II)",142,60+60+22,3,956
EESL,Govt.,Tamil Nadu,Chennai,Chennai,"Saidapet Metro Car Parking Area, Todd Hunter Nagar, Chennai, Tamil Nadu
600015",13.024264,80.228814,Bharat DC-001,15,15,1,956
EESL,Govt.,Tamil Nadu,Chennai,Chennai,"Thandavaraya, Shenoy Nagar, Chennai, Tamil Nadu 600030",13.075588,80.232113,Bharat DC-001,15,15,1,956
EESL,Govt.,Tamil Nadu,Chennai,Chennai,"Thandavaraya, Shenoy Nagar, Chennai, Tamil Nadu 600030",13.075588,80.232113,"Combo (CCS-II + CHAdeMo +
Type II)",142,60+60+22,3,956
EESL,Govt.,Tamil Nadu,Chennai,Chennai,"Thandavaraya, Shenoy Nagar, Chennai, Tamil Nadu 600030",13.075588,80.232113,"Combo (CCS-II + CHAdeMo +
Type II)",142,60+60+22,3,956
EESL,Govt.,Tamil Nadu,Chennai,Chennai,"Thirumangalam Metro Car Parking, L Block, Kurinji Colony, Anna Nagar,
Chennai, Tamil Nadu 600040",13.084787,80.202009,"Combo (CCS-II + CHAdeMo +
Type II)",142,60+60+22,3,956
EESL,Govt.,Tamil Nadu,Chennai,Chennai,"Thirumangalam Metro Car Parking, L Block, Kurinji Colony, Anna Nagar,
Chennai, Tamil Nadu 600040",13.084787,80.202009,"Combo (CCS-II + CHAdeMo +
Type II)",142,60+60+22,3,956
EESL,Govt.,Tamil Nadu,Chennai,Chennai,"Thirumangalam Metro Car Parking, L Block, Kurinji Colony, Anna Nagar,
Chennai, Tamil Nadu 600040",13.084787,80.202009,Bharat DC-001,15,15,1,956
EESL,Govt.,Tamil Nadu,Chennai,Chennai,Tirumangalam Metro Station,13.0853,80.2016,"Combo (CCS-II + CHAdeMo +
Type II)",122,50+50+22,3,956
EESL,Govt.,Tamil Nadu,Chennai,Chennai,"Two Wheeler Parking Area, 1St Floor Basement, Kannappar Thidal, Park
Town, Chennai, Tamil Nadu- 60",13.082101,80.273733,"Combo (CCS-II + CHAdeMo +
Type II)",142,60+60+22,3,956
EESL,Govt.,Tamil Nadu,Chennai,Chennai,"Two Wheeler Parking Area, 1St Floor Basement, Kannappar Thidal, Park
Town, Chennai, Tamil Nadu- 60",13.082101,80.273733,"Combo (CCS-II + CHAdeMo +
Type II)",142,60+60+22,3,956
EESL,Govt.,Tamil Nadu,Chennai,Chennai,"Two Wheeler Parking Area, 1St Floor Basement, Kannappar Thidal, Park
Town, Chennai, Tamil Nadu- 60",13.082101,80.273733,Bharat DC-001,15,15,1,956
EESL,Govt.,Tamil Nadu,Chennai,Chennai,"Varadarajan St, Railway Quaters, Old Washermanpet, Chennai, Tamil Nadu
600021",13.108804,80.281882,"Combo (CCS-II + CHAdeMo +
Type II)",142,60+60+22,3,956
EESL,Govt.,Tamil Nadu,Chennai,Chennai,"Varadarajan St, Railway Quaters, Old Washermanpet, Chennai, Tamil Nadu
600021",13.108804,80.281882,"Combo (CCS-II + CHAdeMo +
Type II)",142,60+60+22,3,956
EESL,Govt.,Tamil Nadu,Chennai,Chennai,"Varadarajan St, Railway Quaters, Old Washermanpet, Chennai, Tamil Nadu
600021",13.108804,80.281882,Bharat DC-001,15,15,1,956
HPCL,Govt.,Tamil Nadu,Chennai,Chennai,"46Vc+Cw7, A-37, Nh16, J Garden, Madhavaram, Chennai, Tamil Nadu",13.143373,80.222159,CCS-II,30,30,1,957
HPCL,Govt.,Tamil Nadu,Chennai,Chennai,"G S T Road Meenambakkam,Chennai",12.98973,80.180347,CCS-II,50,50,1,958
HPCL,Govt.,Tamil Nadu,Chennai,Chennai,"G S T Road Meenambakkam,Chennai",12.98973,80.180347,CCS-II,50,50,1,958
HPCL,Govt.,Tamil Nadu,Chennai,Chennai,"G S T Road Meenambakkam,Chennai",12.98973,80.180347,CCS-II,50,50,1,958
HPCL,Govt.,Tamil Nadu,Chennai,Chennai,"G S T Road Meenambakkam,Chennai",12.98973,80.180347,CCS-II,50,50,1,958
HPCL,Govt.,Tamil Nadu,Chennai,Chennai,"Hpc Dealers No 355/B Gst Road Alandur, Chennai, 600016",12.994799,80.187978,CCS-II,30,30,1,958
HPCL,Govt.,Tamil Nadu,Chennai,Chennai,Injambakkam,12.926986,80.251554,CCS-II,30,30,1,958
HPCL,Govt.,Tamil Nadu,Chennai,Chennai,"Ms Hsd Psr Fuel Station,Mfl Junction",13.161348,80.22745,Bharat AC-001,3.3,3.3,1,958
IOCL,Govt.,Tamil Nadu,Chennai,Chennai,"Jawaharlal Nehru Road ""Ekkattuthangal Chennai 97"" Lk 1034/121",13.023076,80.206397,CCS-II,30,30,1,961
IOCL,Govt.,Tamil Nadu,Chennai,Chennai,"Lk No 1111/122 Ec Road Injambakk Sh49 Injambakkam (Tin 33690928002)
Sh49 Injambakkam (Tin 33690928002)",12.909636,80.250283,CCS-II,60,60,1,961
IOCL,Govt.,Tamil Nadu,Chennai,Chennai,"Lk No 1111/122 Ec Road Injambakk Sh49 Injambakkam (Tin 33690928002)
Sh49 Injambakkam (Tin 33690928002)",12.909636,80.250283,CCS-II,60,60,1,961
IOCL,Govt.,Tamil Nadu,Chennai,Chennai,1/75 E.C.R Lk.No.1103/121 Kottivakkam Chennai.,12.967776,80.257479,CCS-II,30,30,1,961
IOCL,Govt.,Tamil Nadu,Chennai,Chennai,12 Inner Ring Rd.Lk.No.1135/122 Arumbakkam Chennai 600 106,13.066477,80.210574,CCS-II,30,30,1,962
IOCL,Govt.,Tamil Nadu,Chennai,Chennai,18 Jeevarathnam Salai Royapu Chennai. Lock No1116/122 Chennai,13.125096,80.292407,CCS-II,30,30,1,962
IOCL,Govt.,Tamil Nadu,Chennai,Chennai,19/1B Inner Ring Road Kolathurlk 1155/121 Chennai 600099,13.125119,80.204536,CCS-II,30,30,1,962
IOCL,Govt.,Tamil Nadu,Chennai,Chennai,200Ft. Inner Ring Road Chennai.,13.135413,80.216659,CCS-II,30,30,1,962
IOCL,Govt.,Tamil Nadu,Chennai,Chennai,239/1A Ennore High Road Kathivakkam Ponneri Tk,13.226203,80.322875,CCS-II,60,60,1,962
IOCL,Govt.,Tamil Nadu,Chennai,Chennai,239/1A Ennore High Road Kathivakkam Ponneri Tk,13.226203,80.322875,CCS-II,60,60,1,962
IOCL,Govt.,Tamil Nadu,Chennai,Chennai,7/8 Constable Road Lk 1104/121 Ayanavaram Chennai.,13.102322,80.241394,CCS-II,30,30,1,963
IOCL,Govt.,Tamil Nadu,Chennai,Chennai,82 & 83 Madhavaram High Road Kkr Nagar Chennai,13.13541,80.238309,CCS-II,60,60,1,963
IOCL,Govt.,Tamil Nadu,Chennai,Chennai,82 & 83 Madhavaram High Road Kkr Nagar Chennai,13.13541,80.238309,CCS-II,60,60,1,963
IOCL,Govt.,Tamil Nadu,Chennai,Chennai,A100Kartikeyan Salaiperiyar Nagar Jawahar Nagar. Lock No: 1031/121,13.113367,80.22691,CCS-II,30,30,1,963
IOCL,Govt.,Tamil Nadu,Chennai,Chennai,"Blk No 20 Jones Rd Lk 1107/121 Govt.Farm Village Guindy Taluk Chennai
600015",13.024666,80.228576,CCS-II,30,30,1,963
IOCL,Govt.,Tamil Nadu,Chennai,Chennai,"Chennai City (Poonamalli High Road) Chennai Lock No.1067/121 Chennai
Dist.",13.079139,80.253609,CCS-II,30,30,1,964
IOCL,Govt.,Tamil Nadu,Chennai,Chennai,"Door No.243/1 243/2 & 243/3 Bricklin Road Purasawalkam Chennai - 600
007",13.091957,80.251149,CCS-II,30,30,1,964
IOCL,Govt.,Tamil Nadu,Chennai,Chennai,H-2Iii Avenueannanagar East Chennai-600 102,13.089699,80.218499,CCS-II,30,30,1,964
IOCL,Govt.,Tamil Nadu,Chennai,Chennai,Indian Oil Dealer 109Thyagaraya Road T Nagar,13.04008,80.2423,CCS-II,30,30,1,964
IOCL,Govt.,Tamil Nadu,Chennai,Chennai,Indian Oil Dealer L-1009/122 32 West Cott Roadchennai 14 Royapettah,13.0567,80.264499,CCS-II,30,30,1,965
IOCL,Govt.,Tamil Nadu,Chennai,Chennai,Indian Oil Dealer Lk 1134/121 No.146T H Road Tondiarpetchennai-600081,13.132215,80.292412,CCS-II,30,30,1,965
IOCL,Govt.,Tamil Nadu,Chennai,Chennai,Indian Oil Dealer No.43/44Cooks Road Otteri Perambur Chennai-600012,13.099491,80.251298,CCS-II,30,30,1,965
IOCL,Govt.,Tamil Nadu,Chennai,Chennai,Indian Oil Dealer Old No 86 New No 115 Seniamman Koil Street,13.128075,80.288861,CCS-II,60,60,1,965
IOCL,Govt.,Tamil Nadu,Chennai,Chennai,Indian Oil Dealer Old No 86 New No 115 Seniamman Koil Street,13.128075,80.288861,CCS-II,60,60,1,965
IOCL,Govt.,Tamil Nadu,Chennai,Chennai,"Indian Oil Dealer S.No. 422/17 19 & 20 Old No. 103 Thiruneermalai (V)
Tambaram (Tk.)",12.95933,80.11734,LEV AC Charge point,3.3,3.3,1,966
IOCL,Govt.,Tamil Nadu,Chennai,Chennai,Indian Oil Dealer89Lk.1035/122 Spur Tank Rdchetput Cni - 31 Lock No.04687,13.072306,80.251816,CCS-II,30,30,1,967
IOCL,Govt.,Tamil Nadu,Chennai,Chennai,Indian Oil Dealers 36/Dk.H.Roadlock 1048/122 Ayanavaramchennai 600 023,13.097479,80.240647,CCS-II,30,30,1,967
IOCL,Govt.,Tamil Nadu,Chennai,Chennai,Indian Oil Dealers Lk-1008/122 Madras 600 011. Perambur,13.108534,80.243443,CCS-II,30,30,1,968
IOCL,Govt.,Tamil Nadu,Chennai,Chennai,Indian Oil Dealers Lk-1026/122 849E.V.R High Road Kilpauk Chennai 600 010,13.078167,80.246474,CCS-II,30,30,1,968
IOCL,Govt.,Tamil Nadu,Chennai,Chennai,Indian Oil Dealers Plot No. 10 & 11 Madipakkam Chennai,12.976818,80.203801,LEV AC Charge point,3.3,3.3,1,968
IOCL,Govt.,Tamil Nadu,Chennai,Chennai,Indian Oil Petrol Bunk 129 Santhome High Road Lock No,13.028728,80.276249,CCS-II,30,30,1,969
IOCL,Govt.,Tamil Nadu,Chennai,Chennai,Indian Oil Petrol Bunk 174E V R Periyar Salai Kilpaukchennai-600 010,13.077032,80.240069,CCS-II,30,30,1,969
IOCL,Govt.,Tamil Nadu,Chennai,Chennai,"Indian Oil Petrol Bunk Lk:1004/122 No.3 Padmanabha Nagar Adayar
Chennai-600 020",13.006777,80.258238,Type-II AC,7.4,7.4,1,969
IOCL,Govt.,Tamil Nadu,Chennai,Chennai,"Indian Oil Petrol Bunk Lo-1175/122 Nerkundramnh5 Chennai - 600 107 Lock
No. 05238",13.072239,80.18836,CCS-II,30,30,1,969
IOCL,Govt.,Tamil Nadu,Chennai,Chennai,Indianoil Corporation Ltd Adhoc Dealer Vyasarpadi,13.109632,80.266236,CCS-II,60,60,1,970
IOCL,Govt.,Tamil Nadu,Chennai,Chennai,Indianoil Corporation Ltd Adhoc Dealer Vyasarpadi,13.109632,80.266236,CCS-II,60,60,1,970
IOCL,Govt.,Tamil Nadu,Chennai,Chennai,Indianoil Dealer 1/260Ai.T.Highway Road Kelambakkam,12.97701,80.251378,CCS-II,60,60,1,970
IOCL,Govt.,Tamil Nadu,Chennai,Chennai,Indianoil Dealer 1/260Ai.T.Highway Road Kelambakkam,12.97701,80.251378,CCS-II,60,60,1,970
IOCL,Govt.,Tamil Nadu,Chennai,Chennai,Indianoil Dealer 169 Gnt Road Kavangarai Puzhal,13.172142,80.198167,CCS-II,60,60,1,970
IOCL,Govt.,Tamil Nadu,Chennai,Chennai,Indianoil Dealer 169 Gnt Road Kavangarai Puzhal,13.172142,80.198167,CCS-II,60,60,1,970
IOCL,Govt.,Tamil Nadu,Chennai,Chennai,"Indianoil Dealer 42/62 Nelson Manickam Rd Lk 1038/ Aminjikarai Chennai
29.",13.072508,80.221049,CCS-II,30,30,1,970
IOCL,Govt.,Tamil Nadu,Chennai,Chennai,Indianoil Dealer No. 40 1St Main Road Nanganallur,12.98298,80.190619,Type-II AC,7.4,7.4,1,970
IOCL,Govt.,Tamil Nadu,Chennai,Chennai,"Ioc Bunk Lk.No.1015/122 80 G.N.T.Roadmadhavaramnh5 Lock 04694
Chennai - 600 060",13.140283,80.225395,CCS-II,60,60,1,972
IOCL,Govt.,Tamil Nadu,Chennai,Chennai,"Ioc Bunk Lk.No.1015/122 80 G.N.T.Roadmadhavaramnh5 Lock 04694
Chennai - 600 060",13.140283,80.225395,CCS-II,60,60,1,972
IOCL,Govt.,Tamil Nadu,Chennai,Chennai,Ioc Dealerlock 1029/122 Saidapet Chennai,13.021001,80.225194,CCS-II,30,30,1,972
IOCL,Govt.,Tamil Nadu,Chennai,Chennai,"Ioc Dealerlock:1164/122 23/2Velacherry Main Road
Pallikkaranaichennai-600100",12.959561,80.21403,CCS-II,60,60,1,972
IOCL,Govt.,Tamil Nadu,Chennai,Chennai,"Ioc Dealerlock:1164/122 23/2Velacherry Main Road
Pallikkaranaichennai-600100",12.959561,80.21403,CCS-II,60,60,1,972
IOCL,Govt.,Tamil Nadu,Chennai,Chennai,Ioc Dealers41Peters Roadroyapett Chennai-14. L-1014/122,13.053598,80.265756,CCS-II,30,30,1,973
IOCL,Govt.,Tamil Nadu,Chennai,Chennai,"Ioc Dealerslock No 1043/122 90-Cfishing Harbour Complex S.N.Chetty
Streetchennai-600 013",13.127959,80.295663,CCS-II,30,30,1,973
IOCL,Govt.,Tamil Nadu,Chennai,Chennai,Ioc Petrol Bunk 349Wall Tax Rd Chennai-79,13.101833,80.27421,CCS-II,60,60,1,973
IOCL,Govt.,Tamil Nadu,Chennai,Chennai,Ioc Petrol Bunk 349Wall Tax Rd Chennai-79,13.101833,80.27421,CCS-II,60,60,1,973
IOCL,Govt.,Tamil Nadu,Chennai,Chennai,"Jambulingam Main Rd Lk No 1096/121 G.K.M.Colony Chennai-600082
Chennai-600082",13.111998,80.213971,CCS-II,30,30,1,973
IOCL,Govt.,Tamil Nadu,Chennai,Chennai,"Karthikeyan Salai S.No.382/1 Peravallur Village Purasawalkam Tk
Lk-1217/121",13.114858,80.223118,CCS-II,60,60,1,973
IOCL,Govt.,Tamil Nadu,Chennai,Chennai,"Karthikeyan Salai S.No.382/1 Peravallur Village Purasawalkam Tk
Lk-1217/121",13.114858,80.223118,CCS-II,60,60,1,973
IOCL,Govt.,Tamil Nadu,Chennai,Chennai,Kundrathur Main Road Porur Chennai - 600116 Lock No.0000000000000000,13.026374,80.149646,CCS-II,60,60,1,973
IOCL,Govt.,Tamil Nadu,Chennai,Chennai,Kundrathur Main Road Porur Chennai - 600116 Lock No.0000000000000000,13.026374,80.149646,CCS-II,60,60,1,973
IOCL,Govt.,Tamil Nadu,Chennai,Chennai,Lock No 1074/121 R.K.Mutt Road M Mandaveli Chennai,13.024413,80.26452,CCS-II,30,30,1,973
IOCL,Govt.,Tamil Nadu,Chennai,Chennai,Lock No 1041/122 1Sydenhams Roadchennai-12,13.091879,80.269683,CCS-II,30,30,1,973
IOCL,Govt.,Tamil Nadu,Chennai,Chennai,Lock No 1091/122 59 Dr.Radhakrishnan Road Mylapore,13.044472,80.263243,CCS-II,30,30,1,973
IOCL,Govt.,Tamil Nadu,Chennai,Chennai,M T H Road Lock No.1061/121 Industrial Estate Ambatturnh205 Chennai,13.10019,80.165577,CCS-II,30,30,1,974
IOCL,Govt.,Tamil Nadu,Chennai,Chennai,Medavakkam Main Road Ullagaram Lock No.1058/121 Tambaram Taluk,12.97836,80.194129,CCS-II,30,30,1,974
IOCL,Govt.,Tamil Nadu,Chennai,Chennai,New No 63 Old No 31 Lock No 1106/121 Perambur Barrack Rs Chennai,13.095127,80.259038,CCS-II,60,60,1,974
IOCL,Govt.,Tamil Nadu,Chennai,Chennai,New No 63 Old No 31 Lock No 1106/121 Perambur Barrack Rs Chennai,13.095127,80.259038,CCS-II,60,60,1,974
IOCL,Govt.,Tamil Nadu,Chennai,Chennai,"No 1/1B2&1/8Kamarajar Sal(Lk 1183/ ""Madhavaram Tiruvallur Dist",13.16408,80.255704,CCS-II,60,60,1,974
IOCL,Govt.,Tamil Nadu,Chennai,Chennai,"No 1/1B2&1/8Kamarajar Sal(Lk 1183/ ""Madhavaram Tiruvallur Dist",13.16408,80.255704,CCS-II,60,60,1,974
IOCL,Govt.,Tamil Nadu,Chennai,Chennai,No.121/1Bgerugambakkam Village Alandur Taluk Chennai District,13.013103,80.136396,LEV AC Charge point,3.3,3.3,1,974
IOCL,Govt.,Tamil Nadu,Chennai,Chennai,No.6S.No.136/5C2200 Ft (Irr) Manali By-Pass Road Vaikkadu Village Manali,13.180947,80.261854,CCS-II,60,60,1,974
IOCL,Govt.,Tamil Nadu,Chennai,Chennai,No.6S.No.136/5C2200 Ft (Irr) Manali By-Pass Road Vaikkadu Village Manali,13.180947,80.261854,CCS-II,60,60,1,974
IOCL,Govt.,Tamil Nadu,Chennai,Chennai,Opp. Flower Market 4793 4678 Koyambedulock:1188/122 Chennai - 600 107,13.069619,80.199818,CCS-II,60,60,1,975
IOCL,Govt.,Tamil Nadu,Chennai,Chennai,Opp. Flower Market 4793 4678 Koyambedulock:1188/122 Chennai - 600 107,13.069619,80.199818,CCS-II,60,60,1,975
IOCL,Govt.,Tamil Nadu,Chennai,Chennai,Plot No.16/17 Sivananda Nagar Inner Ring Road Lk No 1137/122 Kolathur,13.123727,80.201713,CCS-II,30,30,1,975
IOCL,Govt.,Tamil Nadu,Chennai,Chennai,"Plot No.55 Lock No:1035/121 ""Peravallur Chennai -82""",13.119055,80.22531,CCS-II,30,30,1,975
IOCL,Govt.,Tamil Nadu,Chennai,Chennai,"S.No.1419/1A 200 Feet Inner Ring Rdj.N.Rdretterijunction
Kolathurchennai-600099",13.131307,80.213898,CCS-II,60,60,1,976
IOCL,Govt.,Tamil Nadu,Chennai,Chennai,"S.No.1419/1A 200 Feet Inner Ring Rdj.N.Rdretterijunction
Kolathurchennai-600099",13.131307,80.213898,CCS-II,60,60,1,976
IOCL,Govt.,Tamil Nadu,Chennai,Chennai,"S.No.198/1A(Part)200/8(Part) 200/1(P). Tin No.3393076060 Lk:120
Koyambedu Cold Storage Unit",13.0656,80.191682,CCS-II,60,60,1,976
IOCL,Govt.,Tamil Nadu,Chennai,Chennai,"S.No.198/1A(Part)200/8(Part) 200/1(P). Tin No.3393076060 Lk:120
Koyambedu Cold Storage Unit",13.0656,80.191682,CCS-II,60,60,1,976
IOCL,Govt.,Tamil Nadu,Chennai,Chennai,S.No.762/4 Erukancheri High Road Vyasarpadi Perambur,13.119018,80.258212,CCS-II,60,60,1,976
IOCL,Govt.,Tamil Nadu,Chennai,Chennai,S.No.762/4 Erukancheri High Road Vyasarpadi Perambur,13.119018,80.258212,CCS-II,60,60,1,976
IOCL,Govt.,Tamil Nadu,Chennai,Chennai,"S/R No 74 Thandayarpet High Road L Kodungaiyur Lock 1105/121 Chennai
600118",13.136332,80.256634,CCS-II,60,60,1,976
IOCL,Govt.,Tamil Nadu,Chennai,Chennai,"S/R No 74 Thandayarpet High Road L Kodungaiyur Lock 1105/121 Chennai
600118",13.136332,80.256634,CCS-II,60,60,1,976
IOCL,Govt.,Tamil Nadu,Chennai,Chennai,"Tin No. 33270460111 S.No.218/2 Plot No.37C & 38 Srinivasa
Nagarkancheepuramtn",12.965887,80.199848,CCS-II,30,30,1,978
IOCL,Govt.,Tamil Nadu,Chennai,Chennai,"Tripliane Urban Co-Op Lock 1183/12 Society Ltdtin33100740001 Chennai
City",13.037056,80.201604,CCS-II,30,30,1,978
IOCL,Govt.,Tamil Nadu,Chennai,Chennai,Tucs Alandur Ro 120/1 Sowri Street Alandur Chennai - 600016,13.003642,80.207488,LEV AC Charge point,3.3,3.3,1,978
IOCL,Govt.,Tamil Nadu,Chennai,Chennai,Ullagaram Village Lk 1025/121 Tambaram Taluk,12.975803,80.19298,CCS-II,30,30,1,978
IOCL,Govt.,Tamil Nadu,Chennai,Chennai,Velachery Main Raod Near Gurunanak College Chennai Lock No.04669,12.989849,80.220982,CCS-II,60,60,1,978
IOCL,Govt.,Tamil Nadu,Chennai,Chennai,Velachery Main Raod Near Gurunanak College Chennai Lock No.04669,12.989849,80.220982,CCS-II,60,60,1,978
IOCL,Govt.,Tamil Nadu,Chennai,Chennai,West Avenuemkb Nagar Chennai-6000 39. Lk 1185/122,13.118298,80.260113,CCS-II,60,60,1,978
IOCL,Govt.,Tamil Nadu,Chennai,Chennai,West Avenuemkb Nagar Chennai-6000 39. Lk 1185/122,13.118298,80.260113,CCS-II,60,60,1,978
KAZAM,Private,Tamil Nadu,Chennai,Chennai,"26,Sait Colony 1St Street,Egmore,Chennai,Tamil Nadu,600008",13.072449,80.253247,Bharat AC-001,10,3.3,1,979
KAZAM,Private,Tamil Nadu,Chennai,Chennai,"26,Sait Colony 1St Street,Egmore,Chennai,Tamil Nadu,600008",13.072449,80.253247,Bharat AC-001,10,3.3,1,979
KAZAM,Private,Tamil Nadu,Chennai,Chennai,"26,Sait Colony 1St Street,Egmore,Chennai,Tamil Nadu,600008",13.072449,80.253247,Bharat AC-001,10,3.3,1,979
KAZAM,Private,Tamil Nadu,Chennai,Chennai,"34/2-3,12Th Avenue,Ashok Nagar,Chennai,Tamil Nadu,600083",13.031709,80.210222,Bharat AC-001,3.3,3.3,1,979
KAZAM,Private,Tamil Nadu,Chennai,Chennai,"5,1St Main Road,Cholambedu,Chennai,Tamil Nadu,600062",13.124912,80.128338,Bharat AC-001,3.3,3.3,1,979
KAZAM,Private,Tamil Nadu,Chennai,Chennai,"5,1St Main Road,Cholambedu,Chennai,Tamil Nadu,600062",13.124912,80.128249,Bharat AC-001,3.3,3.3,1,979
KAZAM,Private,Tamil Nadu,Chennai,Chennai,"66,Thirumalai Pillai Road,T. Nagar,Chennai,Tamil Nadu,600017",13.045192,80.239921,Bharat AC-001,3.3,3.3,1,979
KAZAM,Private,Tamil Nadu,Chennai,Chennai,"67Th Street,Nesapakkam,Chennai,Tamil Nadu,600078",13.030773,80.188543,Bharat AC-001,3.3,3.3,1,979
KAZAM,Private,Tamil Nadu,Chennai,Chennai,"736,Thiruvottiyur High Road,Tondiarpet,Chennai,Tamil Nadu,600081",13.137523,80.294313,Bharat AC-001,3.3,3.3,1,979
KAZAM,Private,Tamil Nadu,Chennai,Chennai,"Ambattur Industrial Estate,Chennai,Tamil Nadu,600037",13.082075,80.168623,Bharat AC-001,10,3.3,1,979
KAZAM,Private,Tamil Nadu,Chennai,Chennai,"Ambattur Industrial Estate,Chennai,Tamil Nadu,600037",13.082075,80.168623,Bharat AC-001,10,3.3,1,979
KAZAM,Private,Tamil Nadu,Chennai,Chennai,"Ambattur Industrial Estate,Chennai,Tamil Nadu,600037",13.082075,80.168623,Bharat AC-001,10,3.3,1,979
KAZAM,Private,Tamil Nadu,Chennai,Chennai,"Rail Nagar Road,Nerkundram,Chennai,Tamil Nadu,600101",13.074507,80.190696,Bharat AC-001,3.3,3.3,1,979
KAZAM,Private,Tamil Nadu,Chennai,Chennai,"U-1 & 1,National Highway 32,Tambaram Sanatoruim,Chennai,Tamil
Nadu,600047",12.941682,80.132448,Bharat AC-001,3.3,3.3,1,979
NTPC,Govt.,Tamil Nadu,Chennai,Chennai,M/S Santhi Service Station,12.993597,80.185112,Bharat AC-001,10,3.3,1,979
NTPC,Govt.,Tamil Nadu,Chennai,Chennai,M/S Santhi Service Station,12.993597,80.185112,Bharat AC-001,10,3.3,1,979
NTPC,Govt.,Tamil Nadu,Chennai,Chennai,M/S Santhi Service Station,12.993597,80.185112,Bharat AC-001,10,3.3,1,979
OLA,Private,Tamil Nadu,Chennai,Chennai,"24,Jawaharlal Nehru St,Koyambeduchennai, T.N.",13.0699,80.20549,"LEV DC Charge Point
(IS-17017-2-6)",7,7,1,981
OLA,Private,Tamil Nadu,Chennai,Chennai,"27 Cathedral Road,Near Gemini Circle,Chennai",13.04933,80.25308,"LEV DC Charge Point
(IS-17017-2-6)",7,7,1,981
OLA,Private,Tamil Nadu,Chennai,Chennai,"Gandhi Nagar, Nesapakkam, Chennai, Tamil Nadu 600078",13.090149,80.16143,"LEV DC Charge Point
(IS-17017-2-6)",7,7,1,981
"Reliance
BP",Private,Tamil Nadu,Chennai,Chennai,"Ibis Chennai Sipcot, Old Mahabalipuram Road, Opp. Sipcot It Park, Near
State Highway 49, Chennai, Tamil Nadu 603103",12.831271,80.230724,CCS-II,60,60,1,981
"Reliance
BP",Private,Tamil Nadu,Chennai,Chennai,"Ibis Chennai Sipcot, Old Mahabalipuram Road, Opp. Sipcot It Park, Near
State Highway 49, Chennai, Tamil Nadu 603103",12.831271,80.230724,CCS-II,60,60,1,981
"Reliance
BP",Private,Tamil Nadu,Chennai,Chennai,"Nexus Vijaya Mall, 183, Great Southern Trunk Rd, Arcot Rd, Vadapalani,",13.0499,80.2095,CCS-II,60,60,1,981
"Reliance
BP",Private,Tamil Nadu,Chennai,Chennai,"Nexus Vijaya Mall, 183, Great Southern Trunk Rd, Arcot Rd, Vadapalani,",13.0499,80.2095,CCS-II,60,60,1,981
"Reliance
BP",Private,Tamil Nadu,Chennai,Chennai,"Nexus Vijaya Mall, 183, Great Southern Trunk Rd, Arcot Rd, Vadapalani,",13.0499,80.2095,Type-II AC,7.5,7.5,1,981
Sharify,Private,Tamil Nadu,Chennai,Chennai,"Leela Palace Rd, Mrc Nagar, Raja Annamalai Puram Chennai Tamil Nadu
600028",13.017453,80.273407,Type-II AC,7.5,7.5,1,982
Sharify,Private,Tamil Nadu,Chennai,Chennai,"Leela Palace Rd, Mrc Nagar, Raja Annamalai Puram Chennai Tamil Nadu
600028",13.017453,80.273407,Type-II AC,7.5,7.5,1,982
Tata Power,Private,Tamil Nadu,Chennai,Chennai,"Chengalpattu, Covelong Beach, Chengalpattu, Tamil Nadu, 603112",12.79717,80.247583,Type-II AC,7.4,7.4,1,982
Tata Power,Private,Tamil Nadu,Chennai,Chennai,"Chengalpattu, Covelong Beach, Chengalpattu, Tamil Nadu, 603112",12.79717,80.247583,Type-II AC,7.4,7.4,1,982
Tata Power,Private,Tamil Nadu,Chennai,Chennai,"Chennai One, Thoraipakkam Phase I, Pallavaram Thoraipakkam 200 Feet
Road, Thoraipakkam, Chennai -600097",12.948492,80.232697,Type-II AC,7.4,7.4,1,982
Tata Power,Private,Tamil Nadu,Chennai,Chennai,"Chennai One, Thoraipakkam Phase I, Pallavaram Thoraipakkam 200 Feet
Road, Thoraipakkam, Chennai -600097",12.948492,80.232697,Type-II AC,7.4,7.4,1,982
Tata Power,Private,Tamil Nadu,Chennai,Chennai,"Chennai One, Thoraipakkam Phase Ii, Pallavaram Thoraipakkam 200 Feet
Road, Thoraipakkam, Chennai -600097",12.945845,80.231571,Type-II AC,7.4,7.4,1,982
Tata Power,Private,Tamil Nadu,Chennai,Chennai,"Chennai One, Thoraipakkam Phase Ii, Pallavaram Thoraipakkam 200 Feet
Road, Thoraipakkam, Chennai -600097",12.945845,80.231571,Type-II AC,7.4,7.4,1,982
Tata Power,Private,Tamil Nadu,Chennai,Chennai,"Chennai One, Thoraipakkam Phase Ii, Pallavaram Thoraipakkam 200 Feet
Road, Thoraipakkam, Chennai -600097",12.945845,80.231571,Bharat AC-001,10,3.3,1,982
Tata Power,Private,Tamil Nadu,Chennai,Chennai,"Chennai One, Thoraipakkam Phase Ii, Pallavaram Thoraipakkam 200 Feet
Road, Thoraipakkam, Chennai -600097",12.945845,80.231571,Bharat AC-001,10,3.3,1,982
Tata Power,Private,Tamil Nadu,Chennai,Chennai,"Chennai One, Thoraipakkam Phase Ii, Pallavaram Thoraipakkam 200 Feet
Road, Thoraipakkam, Chennai -600097",12.945845,80.231571,Bharat AC-001,10,3.3,1,982
Tata Power,Private,Tamil Nadu,Chennai,Chennai,"Fairfield By Marriott, Mahindra World City, Near Main Entrance, Mahindra
World City, Chennai - 603002",12.730596,80.00463,Type-II AC,7.4,7.4,1,982
Tata Power,Private,Tamil Nadu,Chennai,Chennai,"Fairfield By Marriott, Mahindra World City, Near Main Entrance, Mahindra
World City, Chennai - 603002",12.730596,80.00463,Combo (CCS-II+CHAdeMO),25,25,2,982
Tata Power,Private,Tamil Nadu,Chennai,Chennai,"Four Points By Sheraton, Chennai Omr, Survey No 169, Plot 1B And 1A, Rajiv
Gandhi Salai, Kumaran Nagar, Sholinganallur, Chennai-600119",12.875613,80.227372,Type-II AC,7.4,7.4,1,982
Tata Power,Private,Tamil Nadu,Chennai,Chennai,"Four Points By Sheraton, Chennai Omr, Survey No 169, Plot 1B And 1A, Rajiv
Gandhi Salai, Kumaran Nagar, Sholinganallur, Chennai-600119",12.875613,80.227372,Combo (CCS-II+CHAdeMO),25,25,2,982
Tata Power,Private,Tamil Nadu,Chennai,Chennai,"Fpl Vehicles, Annasali, No. 824/2, Annasali Nandnam, Chennai, Tamil Nadu,
600035",13.03001,80.24211,CCS-II,50,50,1,982
Tata Power,Private,Tamil Nadu,Chennai,Chennai,"Fpl Vehicles, Annasali, No. 824/2, Annasali Nandnam, Chennai, Tamil Nadu,
600035",13.03001,80.24211,CCS-II,50,50,1,983
Tata Power,Private,Tamil Nadu,Chennai,Chennai,"Ginger Vadapalani, Ngo Colony, 61, Inner Ring Rd, Thiru Nagar Colony, Ngo
Colony, Vadapalani, Chennai, Tamil Nadu 600026",13.05647,80.21116,Combo (CCS-II+CHAdeMO),25,25,2,983
Tata Power,Private,Tamil Nadu,Chennai,Chennai,"Gokulam Park Sabari Omr, It Expressway, #33, It Expressway (Omr), Near Ecr
Sipcot It Park, Navalur, Chennai-600130",12.842154,80.227527,CCS-II,25,25,1,983
Tata Power,Private,Tamil Nadu,Chennai,Chennai,"Gokulam Park Sabari Omr, It Expressway, #33, It Expressway (Omr), Near Ecr
Sipcot It Park, Navalur, Chennai-600130",12.842154,80.227527,Type-II AC,7.4,7.4,1,983
Tata Power,Private,Tamil Nadu,Chennai,Chennai,"Gokulam Park Sabari Omr, It Expressway, #33, It Expressway (Omr), Near Ecr
Sipcot It Park, Navalur, Chennai-600130",12.842154,80.227527,Type-II AC,7.4,7.4,1,983
Tata Power,Private,Tamil Nadu,Chennai,Chennai,"Gurudev Tata Motors, Arumbakkam, Old No 90, New Number 1090, E.V.R.
Periyar High Road, Arumbakkam, Chennai, Tamil Nadu - 600106",13.07656,80.2021,Combo (CCS-II+CHAdeMO),30,30,2,983
Tata Power,Private,Tamil Nadu,Chennai,Chennai,"Lakshmi Motors, Ambattur, #79, 80,81, Near Wavin Bus Stop, Ambattur
Industrial Estate, Chennai, Tamil Nadu 600058",13.122214,80.149188,Combo (CCS-II+CHAdeMO),30,30,2,983
Tata Power,Private,Tamil Nadu,Chennai,Chennai,"Lakshmi Motors, Thoraipakkam, 118, Okkiam, Thoraipakkam, Chennai, Tamil
Nadu - 600097",12.92976,80.23164,Bharat DC-001,15,15,1,983
Tata Power,Private,Tamil Nadu,Chennai,Chennai,"Lakshmi Motors, Thoraipakkam, 118, Okkiam, Thoraipakkam, Chennai, Tamil
Nadu - 600097",12.92976,80.23164,Combo (CCS-II+CHAdeMO),25,25,2,983
Tata Power,Private,Tamil Nadu,Chennai,Chennai,"Lakshmi Motors, Velachery, No 42, Velachery Main Rd, Guindy National
Park, Guindy, Chennai, Tamil Nadu 600032",13.008024,80.22165,Combo (CCS-II+CHAdeMO),30,30,2,983
Tata Power,Private,Tamil Nadu,Chennai,Chennai,"Pumpkin Tales, Alwarpet, 37, 20, Bheemanna Garden St, Alwarpet, Chennai,
Tamil Nadu 600018",13.033655,80.255285,Combo (CCS-II+CHAdeMO),25,25,2,984
Tata Power,Private,Tamil Nadu,Chennai,Chennai,"Ramanujan It Park, Taramani, Rajiv Gandhi Salai (Omr), Taramani, Chennai-
600013",12.990927,80.246944,Type-II AC,7.4,7.4,1,984
Tata Power,Private,Tamil Nadu,Chennai,Chennai,"Ramanujan It Park, Taramani, Rajiv Gandhi Salai (Omr), Taramani, Chennai-
600013",12.990927,80.246944,Type-II AC,7.4,7.4,1,984
Tata Power,Private,Tamil Nadu,Chennai,Chennai,"Ramanujan It Park, Taramani, Rajiv Gandhi Salai (Omr), Taramani, Chennai-
600013",12.990927,80.246944,Type-II AC,7.4,7.4,1,984
Tata Power,Private,Tamil Nadu,Chennai,Chennai,"Ramanujan It Park, Taramani, Rajiv Gandhi Salai (Omr), Taramani, Chennai-
600013",12.990927,80.246944,Type-II AC,7.4,7.4,1,984
Tata Power,Private,Tamil Nadu,Chennai,Chennai,"Ramanujan It Park, Taramani, Rajiv Gandhi Salai (Omr), Taramani, Chennai-
600013",12.990927,80.246944,Type-II AC,7.4,7.4,1,984
Tata Power,Private,Tamil Nadu,Chennai,Chennai,"Ramanujan It Park, Taramani, Rajiv Gandhi Salai (Omr), Taramani, Chennai-
600013",12.990927,80.246944,Bharat AC-001,10,3.3,1,984
Tata Power,Private,Tamil Nadu,Chennai,Chennai,"Ramanujan It Park, Taramani, Rajiv Gandhi Salai (Omr), Taramani, Chennai-
600013",12.990927,80.246944,Type-II AC,7.4,7.4,1,984
Tata Power,Private,Tamil Nadu,Chennai,Chennai,"Ramanujan It Park, Taramani, Rajiv Gandhi Salai (Omr), Taramani, Chennai-
600013",12.990927,80.246944,Bharat AC-001,10,3.3,1,984
Tata Power,Private,Tamil Nadu,Chennai,Chennai,"Ramanujan It Park, Taramani, Rajiv Gandhi Salai (Omr), Taramani, Chennai-
600013",12.990927,80.246944,Bharat AC-001,10,3.3,1,984
Tata Power,Private,Tamil Nadu,Chennai,Chennai,"Sree Gokulam Motors, Kattuppakkam, No 2/232, Mount Ponamalle
Road,Swaminatha Nagar, Pushpa Nagar, Kattupakkam, Chennai - 600056",13.041725,80.125821,CCS-II,30,30,1,984
Tata Power,Private,Tamil Nadu,Chennai,Chennai,"Sree Gokulam Motors, Zamin Pallavaram, Sree Gokulam Motors, No 93, 3C,
200 Feet Radial Road, Zamin Pallavaram, Chennai - 600117",12.950258,80.176003,Combo (CCS-II+CHAdeMO),25,25,2,984
Tata Power,Private,Tamil Nadu,Chennai,Chennai,"Sri Lakshmi Auto, Ambattur, No C 12, 5Th Street, Ambattur Industrial Estate,
Ambattur, Chennai - 600058",13.088345,80.17047,Bharat DC-001,15,15,1,984
Tata Power,Private,Tamil Nadu,Chennai,Chennai,"^ƌŝ>ĂŬƐŚŵŝƵƚŽ͕'ƵŝŶĚǇ͕EŽϰϮ͕sĞůĂĐŚĞƌǇDĂŝŶZŽĂĚ͕'ƵŝŶĚǇ͕ŚĞŶŶĂŝʹ
ϲϬϬϬϯϮ",13.00762,80.2215,Bharat DC-001,15,15,1,984
Tata Power,Private,Tamil Nadu,Chennai,Chennai,"Taj Club House Chennai, The Indian Hotels Company Limited # 2, Club House
Road, Chennai, Tamil Nadu, South India - 600002",13.061346,80.263619,CCS-II,30,30,1,984
Tata Power,Private,Tamil Nadu,Chennai,Chennai,"Taj Club House Chennai, The Indian Hotels Company Limited # 2, Club House
Road, Chennai, Tamil Nadu, South India - 600002",13.061346,80.263619,CCS-II,30,30,1,984
Tata Power,Private,Tamil Nadu,Chennai,Chennai,dĂũŽŶŶĞŵĂƌĂ͕ŶŶĂ^ĂůĂŝ͕ŝŶŶǇZŽĂĚ͕ŶŶĂ^ĂůĂŝ͕ŚĞŶŶĂŝʹϲϬϬϬϬϮ,13.06336,80.261276,CCS-II,30,30,1,984
Tata Power,Private,Tamil Nadu,Chennai,Chennai,dĂũŽŶŶĞŵĂƌĂ͕ŶŶĂ^ĂůĂŝ͕ŝŶŶǇZŽĂĚ͕ŶŶĂ^ĂůĂŝ͕ŚĞŶŶĂŝʹϲϬϬϬϬϮ,13.06336,80.261276,CCS-II,30,30,1,984
Tata Power,Private,Tamil Nadu,Chennai,Chennai,dĂũŽŶŶĞŵĂƌĂ͕ŶŶĂ^ĂůĂŝ͕ŝŶŶǇZŽĂĚ͕ŶŶĂ^ĂůĂŝ͕ŚĞŶŶĂŝʹϲϬϬϬϬϮ,13.06336,80.261276,Type-II AC,7.4,7.4,1,984
Tata Power,Private,Tamil Nadu,Chennai,Chennai,dĂũŽŶŶĞŵĂƌĂ͕ŶŶĂ^ĂůĂŝ͕ŝŶŶǇZŽĂĚ͕ŶŶĂ^ĂůĂŝ͕ŚĞŶŶĂŝʹϲϬϬϬϬϮ,13.06336,80.261276,Type-II AC,7.4,7.4,1,984
Tata Power,Private,Tamil Nadu,Chennai,Chennai,"Taj Coromandel No 37 Mg Road, Nungambakkam Chennai 600034",13.05846,80.248323,Type-II AC,7.4,7.4,1,984
Tata Power,Private,Tamil Nadu,Chennai,Chennai,"Taj Coromandel No 37 Mg Road, Nungambakkam Chennai 600034",13.05846,80.248323,Type-II AC,7.4,7.4,1,985
Tata Power,Private,Tamil Nadu,Chennai,Chennai,"Taj Coromandel, Taj Coromandel No 37 Mg Road, Nungambakkam Chennai
600034",13.058157,80.247995,CCS-II,30,30,1,985
Tata Power,Private,Tamil Nadu,Chennai,Chennai,"Taj Coromandel, Taj Coromandel No 37 Mg Road, Nungambakkam Chennai
600034",13.058157,80.247995,CCS-II,30,30,1,985
Tata Power,Private,Tamil Nadu,Chennai,Chennai,"dĂũ&ŝƐŚĞƌŵĂŶ͛^ŽǀĞZĞƐŽƌƚΘ^ƉĂ͕ŚĞŶŐĂůƉĂƚƚƵ͕ŽǀĞůŽŶŐĞĂĐŚ͕
ŚĞŶŐĂůƉĂƚƚƵ͕dĂŵŝůEĂĚƵ͕ϲϬϯϭϭϮ",12.797333,80.247597,CCS-II,30,30,1,985
Tata Power,Private,Tamil Nadu,Chennai,Chennai,"dĂũ&ŝƐŚĞƌŵĂŶ͛^ŽǀĞZĞƐŽƌƚΘ^ƉĂ͕ŚĞŶŐĂůƉĂƚƚƵ͕ŽǀĞůŽŶŐĞĂĐŚ͕
ŚĞŶŐĂůƉĂƚƚƵ͕dĂŵŝůEĂĚƵ͕ϲϬϯϭϭϮ",12.797333,80.247597,CCS-II,30,30,1,985
Tata Power,Private,Tamil Nadu,Chennai,Chennai,"Taj Wellington Mews Ramanujan It City Rajiv Gandhi Salai Omr Chennai
600113",12.990798,80.250428,Type-II AC,7.4,7.4,1,985
Tata Power,Private,Tamil Nadu,Chennai,Chennai,"Taj Wellington Mews Ramanujan It City Rajiv Gandhi Salai Omr Chennai
600113",12.990798,80.250428,Type-II AC,7.4,7.4,1,985
Tata Power,Private,Tamil Nadu,Chennai,Chennai,"Taj Wellington Mews, Omr, Taj Wellington Mews Ramanujan It City Rajiv
Gandhi Salai Omr Chennai 600113",12.990776,80.250141,CCS-II,30,30,1,985
Tata Power,Private,Tamil Nadu,Chennai,Chennai,"Taj Wellington Mews, Omr, Taj Wellington Mews Ramanujan It City Rajiv
Gandhi Salai Omr Chennai 600113",12.990776,80.250141,CCS-II,30,30,1,985
Tata Power,Private,Tamil Nadu,Chennai,Chennai,"Tanishq, Cathedral Road Gopalpuram, No.100, Cathedral Rd, Gopalapuram,
Chennai, Tamil Nadu 600086",13.04774,80.25418,Bharat DC-001,15,15,1,985
Tata Power,Private,Tamil Nadu,Chennai,Chennai,"Tanishq, Cathedral Road Gopalpuram, No.100, Cathedral Rd, Gopalapuram,
Chennai, Tamil Nadu 600086",13.04774,80.25418,Combo (CCS-II+CHAdeMO),25,25,2,985
Tata Power,Private,Tamil Nadu,Chennai,Chennai,"Thalappakatti Hotels, Omr, Plot 18, Old Mahabalipuram Rd, Nehru Nagar, Sri
Sowdeswari Nagar, Thoraipakkam, Tamil Nadu 600097",12.925818,80.23051,CCS-II,30,30,1,985
Tata Power,Private,Tamil Nadu,Chennai,Chennai,"Thalappakatti Hotels, Omr, Plot 18, Old Mahabalipuram Rd, Nehru Nagar, Sri
Sowdeswari Nagar, Thoraipakkam, Tamil Nadu 600097",12.925818,80.23051,Bharat AC-001,10,3.3,1,985
Tata Power,Private,Tamil Nadu,Chennai,Chennai,"Thalappakatti Hotels, Omr, Plot 18, Old Mahabalipuram Rd, Nehru Nagar, Sri
Sowdeswari Nagar, Thoraipakkam, Tamil Nadu 600097",12.925818,80.23051,Bharat AC-001,10,3.3,1,985
Tata Power,Private,Tamil Nadu,Chennai,Chennai,"Thalappakatti Hotels, Omr, Plot 18, Old Mahabalipuram Rd, Nehru Nagar, Sri
Sowdeswari Nagar, Thoraipakkam, Tamil Nadu 600097",12.925818,80.23051,Bharat AC-001,10,3.3,1,985
Tata Power,Private,Tamil Nadu,Chennai,Chennai,"The Indian Hotels Company Limited # 2, Club House Road, Chennai, Tamil
Nadu, South India - 600002",13.061133,80.263873,Type-II AC,7.4,7.4,1,985
Tata Power,Private,Tamil Nadu,Chennai,Chennai,"The Indian Hotels Company Limited # 2, Club House Road, Chennai, Tamil
Nadu, South India - 600002",13.061133,80.263873,Type-II AC,7.4,7.4,1,985
Tata Power,Private,Tamil Nadu,Chennai,Chennai,"The Park, Anna Salai, 601,Anna Salai,Chennai 600006",13.053186,80.249806,CCS-II,30,30,1,985
Tata Power,Private,Tamil Nadu,Chennai,Chennai,"The Park, Anna Salai, 601,Anna Salai,Chennai 600006",13.053186,80.249806,Type-II AC,7.4,7.4,1,985
Tata Power,Private,Tamil Nadu,Chennai,Chennai,"Vivanta Chennai, It Expressway Chennai Taj Connemara, Binny Road,
Chennai 600002",12.905939,80.22718,Type-II AC,7.4,7.4,1,986
Tata Power,Private,Tamil Nadu,Chennai,Chennai,"Vivanta Chennai, It Expressway Chennai Taj Connemara, Binny Road,
Chennai 600002",12.905939,80.22718,Type-II AC,7.4,7.4,1,986
Tata Power,Private,Tamil Nadu,Chennai,Chennai,"Vivanta Chennai, Vivanta Chennai, It Expressway Chennai Taj Connemara,
Binny Road, Chennai 600002",12.905289,80.227961,CCS-II,30,30,1,986
Tata Power,Private,Tamil Nadu,Chennai,Chennai,"Vivanta Chennai, Vivanta Chennai, It Expressway Chennai Taj Connemara,
Binny Road, Chennai 600002",12.905289,80.227961,CCS-II,30,30,1,986
"TN Golf
Federatrio
n",Govt.,Tamil nadu,Chennai,Chennai,"No.334, Anna Salai, Nandanam. Chennai-15",13.023658,80.234611,Bharat DC-001,15,15,1,986
"TN Golf
Federatrio
n",Govt.,Tamil nadu,Chennai,Chennai,"No.334, Anna Salai, Nandanam. Chennai-15",13.023658,80.234611,Bharat DC-001,15,15,1,986
"TN Golf
Federatrio
n",Govt.,Tamil nadu,Chennai,Chennai,"No.334, Anna Salai, Nandanam. Chennai-15",13.023658,80.234611,Bharat DC-001,15,15,1,986
"TN Golf
Federatrio
n",Govt.,Tamil nadu,Chennai,Chennai,"No.334, Anna Salai, Nandanam. Chennai-15",13.023658,80.234611,Bharat DC-001,15,15,1,986
"TN Golf
Federatrio
n",Govt.,Tamil nadu,Chennai,Chennai,"No.334, Anna Salai, Nandanam. Chennai-15",13.023658,80.234611,Bharat DC-001,15,15,1,986
"TN Golf
Federatrio
n",Govt.,Tamil nadu,Chennai,Chennai,"No.334, Anna Salai, Nandanam. Chennai-15",13.023658,80.234611,Bharat DC-001,15,15,1,986
"TN Golf
Federatrio
n",Govt.,Tamil nadu,Chennai,Chennai,"No.334, Anna Salai, Nandanam. Chennai-15",13.023658,80.234611,Bharat DC-001,15,15,1,986
"TN Golf
Federatrio
n",Govt.,Tamil nadu,Chennai,Chennai,"No.334, Anna Salai, Nandanam. Chennai-15",13.023658,80.234611,Bharat DC-001,15,15,1,986
"TN Golf
Federatrio
n",Govt.,Tamil nadu,Chennai,Chennai,"No.334, Anna Salai, Nandanam. Chennai-15",13.023658,80.234611,Bharat DC-001,15,15,1,986
"TN Golf
Federatrio
n",Govt.,Tamil nadu,Chennai,Chennai,"No.334, Anna Salai, Nandanam. Chennai-15",13.023658,80.234611,Bharat DC-001,15,15,1,986
"TN Golf
Federatrio
n",Govt.,Tamil nadu,Chennai,Chennai,"No.334, Anna Salai, Nandanam. Chennai-15",13.023658,80.234611,Bharat DC-001,15,15,1,986
"TN Golf
Federatrio
n",Govt.,Tamil nadu,Chennai,Chennai,"No.334, Anna Salai, Nandanam. Chennai-15",13.023658,80.234611,Bharat DC-001,15,15,1,987
"TN Golf
Federatrio
n",Govt.,Tamil nadu,Chennai,Chennai,"No.334, Anna Salai, Nandanam. Chennai-15",13.023658,80.234611,Bharat DC-001,15,15,1,987
"TN Golf
Federatrio
n",Govt.,Tamil nadu,Chennai,Chennai,"No.334, Anna Salai, Nandanam. Chennai-15",13.023658,80.234611,Bharat DC-001,15,15,1,987
"TN Golf
Federatrio
n",Govt.,Tamil nadu,Chennai,Chennai,"No.334, Anna Salai, Nandanam. Chennai-15",13.023658,80.234611,Bharat DC-001,15,15,1,987
"TN Golf
Federatrio
n",Govt.,Tamil nadu,Chennai,Chennai,"No.334, Anna Salai, Nandanam. Chennai-15",13.023658,80.234611,Bharat DC-001,15,15,1,987
"TN Golf
Federatrio
n",Govt.,Tamil nadu,Chennai,Chennai,"No.334, Anna Salai, Nandanam. Chennai-15",13.023658,80.234611,Bharat DC-001,15,15,1,987
"TN Golf
Federatrio
n",Govt.,Tamil nadu,Chennai,Chennai,"No.334, Anna Salai, Nandanam. Chennai-15",13.023658,80.234611,Bharat DC-001,15,15,1,987
"TN Golf
Federatrio
n",Govt.,Tamil nadu,Chennai,Chennai,"No.334, Anna Salai, Nandanam. Chennai-15",13.023658,80.234611,Bharat DC-001,15,15,1,987
"TN Golf
Federatrio
n",Govt.,Tamil nadu,Chennai,Chennai,"No.334, Anna Salai, Nandanam. Chennai-15",13.023658,80.234611,Bharat DC-001,15,15,1,987
"TN Golf
Federatrio
n",Govt.,Tamil nadu,Chennai,Chennai,"No.334, Anna Salai, Nandanam. Chennai-15",13.023658,80.234611,Bharat DC-001,15,15,1,987
"TN Golf
Federatrio
n",Govt.,Tamil nadu,Chennai,Chennai,"No.334, Anna Salai, Nandanam. Chennai-15",13.023658,80.234611,Bharat DC-001,15,15,1,987
"TN Golf
Federatrio
n",Govt.,Tamil nadu,Chennai,Chennai,"No.334, Anna Salai, Nandanam. Chennai-15",13.023658,80.234611,Bharat DC-001,15,15,1,987
"TN Golf
Federatrio
n",Govt.,Tamil nadu,Chennai,Chennai,"No.334, Anna Salai, Nandanam. Chennai-15",13.023658,80.234611,Bharat DC-001,15,15,1,987
"TN Golf
Federatrio
n",Govt.,Tamil nadu,Chennai,Chennai,"No.334, Anna Salai, Nandanam. Chennai-15",13.023658,80.234611,Bharat DC-001,15,15,1,987
"TN Golf
Federatrio
n",Govt.,Tamil nadu,Chennai,Chennai,"No.334, Anna Salai, Nandanam. Chennai-15",13.023658,80.234611,Bharat DC-001,15,15,1,987
"TN Golf
Federatrio
n",Govt.,Tamil nadu,Chennai,Chennai,"No.334, Anna Salai, Nandanam. Chennai-15",13.023658,80.234611,Bharat DC-001,15,15,1,987
"TN Golf
Federatrio
n",Govt.,Tamil nadu,Chennai,Chennai,"No.334, Anna Salai, Nandanam. Chennai-15",13.023658,80.234611,Bharat DC-001,15,15,1,987
"TN Golf
Federatrio
n",Govt.,Tamil nadu,Chennai,Chennai,"No.334, Anna Salai, Nandanam. Chennai-15",13.023658,80.234611,Bharat DC-001,15,15,1,987
"TN Golf
Federatrio
n",Govt.,Tamil nadu,Chennai,Chennai,"No.334, Anna Salai, Nandanam. Chennai-15",13.023658,80.234611,Bharat DC-001,15,15,1,987
"TN Golf
Federatrio
n",Govt.,Tamil nadu,Chennai,Chennai,"No.334, Anna Salai, Nandanam. Chennai-15",13.023658,80.234611,Bharat DC-001,15,15,1,987
"TN Golf
Federatrio
n",Govt.,Tamil nadu,Chennai,Chennai,"No.334, Anna Salai, Nandanam. Chennai-15",13.023658,80.234611,Bharat DC-001,15,15,1,988
"TN Golf
Federatrio
n",Govt.,Tamil nadu,Chennai,Chennai,"No.334, Anna Salai, Nandanam. Chennai-15",13.023658,80.234611,Bharat DC-001,15,15,1,988
"TN Golf
Federatrio
n",Govt.,Tamil nadu,Chennai,Chennai,"No.334, Anna Salai, Nandanam. Chennai-15",13.023658,80.234611,Bharat DC-001,15,15,1,988
"TN Golf
Federatrio
n",Govt.,Tamil nadu,Chennai,Chennai,"No.334, Anna Salai, Nandanam. Chennai-15",13.023658,80.234611,Bharat DC-001,15,15,1,988
"TN Golf
Federatrio
n",Govt.,Tamil nadu,Chennai,Chennai,"No.334, Anna Salai, Nandanam. Chennai-15",13.023658,80.234611,Bharat DC-001,15,15,1,988
"TN Golf
Federatrio
n",Govt.,Tamil nadu,Chennai,Chennai,"No.334, Anna Salai, Nandanam. Chennai-15",13.023658,80.234611,Bharat DC-001,15,15,1,988
"TN Golf
Federatrio
n",Govt.,Tamil nadu,Chennai,Chennai,"No.334, Anna Salai, Nandanam. Chennai-15",13.023658,80.234611,Bharat DC-001,15,15,1,988
"TN Golf
Federatrio
n",Govt.,Tamil nadu,Chennai,Chennai,"No.334, Anna Salai, Nandanam. Chennai-15",13.023658,80.234611,Bharat DC-001,15,15,1,988
"TN Golf
Federatrio
n",Govt.,Tamil nadu,Chennai,Chennai,"No.334, Anna Salai, Nandanam. Chennai-15",13.023658,80.234611,Bharat DC-001,15,15,1,988
"TN Golf
Federatrio
n",Govt.,Tamil nadu,Chennai,Chennai,"No.334, Anna Salai, Nandanam. Chennai-15",13.023658,80.234611,Bharat DC-001,15,15,1,988
"TN Golf
Federatrio
n",Govt.,Tamil nadu,Chennai,Chennai,"No.334, Anna Salai, Nandanam. Chennai-15",13.023658,80.234611,Bharat DC-001,15,15,1,988
"TN Golf
Federatrio
n",Govt.,Tamil nadu,Chennai,Chennai,"No.334, Anna Salai, Nandanam. Chennai-15",13.023658,80.234611,Bharat DC-001,15,15,1,988
"TN Golf
Federatrio
n",Govt.,Tamil nadu,Chennai,Chennai,"No.334, Anna Salai, Nandanam. Chennai-15",13.023658,80.234611,Bharat DC-001,15,15,1,988
"TN Golf
Federatrio
n",Govt.,Tamil nadu,Chennai,Chennai,"No.334, Anna Salai, Nandanam. Chennai-15",13.023658,80.234611,Bharat DC-001,15,15,1,988
"TN Golf
Federatrio
n",Govt.,Tamil nadu,Chennai,Chennai,"No.334, Anna Salai, Nandanam. Chennai-15",13.023658,80.234611,Bharat DC-001,15,15,1,988
"TN Golf
Federatrio
n",Govt.,Tamil nadu,Chennai,Chennai,"No.334, Anna Salai, Nandanam. Chennai-15",13.023658,80.234611,Bharat DC-001,15,15,1,988
"TN Golf
Federatrio
n",Govt.,Tamil nadu,Chennai,Chennai,"No.334, Anna Salai, Nandanam. Chennai-15",13.023658,80.234611,Bharat DC-001,15,15,1,988
"TN Golf
Federatrio
n",Govt.,Tamil nadu,Chennai,Chennai,"No.334, Anna Salai, Nandanam. Chennai-15",13.023658,80.234611,Bharat DC-001,15,15,1,988
"TN Golf
Federatrio
n",Govt.,Tamil nadu,Chennai,Chennai,"No.334, Anna Salai, Nandanam. Chennai-15",13.023658,80.234611,Bharat DC-001,15,15,1,988
"TN Golf
Federatrio
n",Govt.,Tamil nadu,Chennai,Chennai,"No.334, Anna Salai, Nandanam. Chennai-15",13.023658,80.234611,Bharat DC-001,15,15,1,988
"TN Golf
Federatrio
n",Govt.,Tamil nadu,Chennai,Chennai,"No.334, Anna Salai, Nandanam. Chennai-15",13.023658,80.234611,Bharat DC-001,15,15,1,989
"TN Golf
Federatrio
n",Govt.,Tamil nadu,Chennai,Chennai,"No.334, Anna Salai, Nandanam. Chennai-15",13.023658,80.234611,Bharat DC-001,15,15,1,989
"Transport
Departmen
t Chennai",Govt.,Tamil Nadu,Chennai,Madhavaram,Cmda Truck Terminal Madhavaram,13.129683,80.239994,Bharat AC-001,10,3.3,1,989
"Transport
Departmen
t Chennai",Govt.,Tamil Nadu,Chennai,Madhavaram,Cmda Truck Terminal Madhavaram,13.129683,80.239994,Bharat DC-001,15,15,1,989
"Transport
Departmen
t Chennai",Govt.,Tamil Nadu,Chennai,Madhavaram,Cmda Truck Terminal Madhavaram,13.129683,80.239994,Bharat AC-001,10,3.3,1,989
"Transport
Departmen
t Chennai",Govt.,Tamil Nadu,Chennai,Madhavaram,Cmda Truck Terminal Madhavaram,13.129683,80.239994,Bharat AC-001,10,3.3,1,989
"Transport
Departmen
t Chennai",Govt.,Tamil Nadu,Chennai,Madhavaram,Cmda Truck Terminal Madhavaram,13.129683,80.239994,Bharat AC-001,10,3.3,1,989
"Transport
Departmen
t Chennai",Govt.,Tamil Nadu,Chennai,Madhavaram,Cmda Truck Terminal Madhavaram,13.129683,80.239994,Bharat AC-001,10,3.3,1,989
"Transport
Departmen
t Chennai",Govt.,Tamil Nadu,Chennai,Madhavaram,Cmda Truck Terminal Madhavaram,13.129683,80.239994,Bharat AC-001,10,3.3,1,989
"Zeon
charging",Private,Tamil Nadu,Chennai,Ulundurpet,"102/19, Chennai Trichy Nh Sengurichi, Village, Ulundurpet, Tamil Nadu
606115",11.719436,79.33646,CCS-II,50,50,1,989
"Zeon
charging",Private,Tamil Nadu,Chennai,Ulundurpet,"102/19, Chennai Trichy Nh Sengurichi, Village, Ulundurpet, Tamil Nadu
606115",11.719436,79.33646,CCS-II,50,50,1,989
"Zeon
charging",Private,Tamil Nadu,Chennai,Chennai,"Nalathur Village & Post, Tindivanam Tk.",12.29775,79.73371,CCS-II,50,50,1,990
BPCL,Govt.,Tamil Nadu,CHENNAI,CHENNAI,"1087 POONAMALLEE HIGH ROAD, NEAR TRAFFIC PARK, , City=CHENNAI,
District=CHENNAI, State=Tamil Nadu",13.0798,80.260351,CCS,60,60,2,991
BPCL,Govt.,Tamil Nadu,CHENNAI,"VILLIVAKKAM, CHENNAI","168 M T H ROAD, VILLIVAKKAM, , City=VILLIVAKKAM, CHENNAI,
District=CHENNAI, State=Tamil Nadu",13.102635,80.20998,CCS,60,60,2,992
BPCL,Govt.,Tamil Nadu,CHENNAI,CHENNAI,"198 (NEW NO.28) PUZHAL, PUZHAL, , City=CHENNAI, District=CHENNAI,
State=Tamil Nadu",13.154061,80.207824,CCS,60,60,2,993
BPCL,Govt.,Tamil Nadu,CHENNAI,CHENNAI,"24,JAWAHARLAL NEHRU ST,, KOYAMBEDU, , City=CHENNAI,
District=CHENNAI, T.N., State=Tamil Nadu",13.0699,80.205485,LEV DC,15,7,1,993
BPCL,Govt.,Tamil Nadu,CHENNAI,CHENNAI,"24,JAWAHARLAL NEHRU ST,, KOYAMBEDU, , City=CHENNAI,
District=CHENNAI, T.N., State=Tamil Nadu",13.0699,80.205485,LEV DC,15,7,1,993
BPCL,Govt.,Tamil Nadu,CHENNAI,CHENNAI,"265/1, CP MANALI EXPRESS WAY, , City=CHENNAI, District=CHENNAI,
State=Tamil Nadu",13.175106,80.285509,CCS,60,60,2,993
BPCL,Govt.,Tamil Nadu,CHENNAI,CHENNAI,"27 CATHEDRAL ROAD, NEAR GEMINI CIRCLE, , City=CHENNAI,
District=CHENNAI, State=Tamil Nadu",13.049329,80.253078,LEV DC,15,7,1,993
BPCL,Govt.,Tamil Nadu,CHENNAI,CHENNAI,"27 CATHEDRAL ROAD, NEAR GEMINI CIRCLE, , City=CHENNAI,
District=CHENNAI, State=Tamil Nadu",13.049329,80.253078,LEV DC,15,7,1,993
BPCL,Govt.,Tamil Nadu,CHENNAI,CHENNAI,"353 KONNUR HIGH ROAD, AYANAVARAM, , City=CHENNAI,
District=CHENNAI, State=Tamil Nadu",13.098121,80.238647,LEV DC,15,7,1,994
BPCL,Govt.,Tamil Nadu,CHENNAI,CHENNAI,"353 KONNUR HIGH ROAD, AYANAVARAM, , City=CHENNAI,
District=CHENNAI, State=Tamil Nadu",13.098121,80.238647,CCS,60,60,2,994
BPCL,Govt.,Tamil Nadu,CHENNAI,CHENNAI,"353 KONNUR HIGH ROAD, AYANAVARAM, , City=CHENNAI,
District=CHENNAI, State=Tamil Nadu",13.098121,80.238647,LEV DC,15,7,1,994
BPCL,Govt.,Tamil Nadu,CHENNAI,CHENNAI,"38 TTK ROAD, ALWARPET, , City=CHENNAI, District=CHENNAI, State=Tamil
Nadu",13.042993,80.258152,CCS,60,60,2,994
BPCL,Govt.,Tamil Nadu,CHENNAI,CHENNAI,"423, PH ROAD, MADHURAVOYAL, , City=CHENNAI, District=CHENNAI,
State=Tamil Nadu",13.060897,80.152881,CCS,60,60,2,994
BPCL,Govt.,Tamil Nadu,CHENNAI,VYASARPADI,"63/A,, VYSARPADI CO-OPERATIVE, , City=VYASARPADI, District=CHENNAI,
State=Tamil Nadu",13.119457,80.25635,CCS,120,120,2,995
BPCL,Govt.,Tamil Nadu,CHENNAI,"AMBATTUR, CHENNAI","94B,, AMBATTUR INDUSTRIAL ESTATE, , City=AMBATTUR, CHENNAI,
District=CHENNAI, State=Tamil Nadu",13.08963,80.161112,CCS,120,120,2,996
BPCL,Govt.,Tamil Nadu,CHENNAI,CHENNAI,"97/80, VANAGARAM ROAD, ATHIPET, AMBATTUR, , City=CHENNAI,
District=CHENNAI, State=Tamil Nadu",13.085916,80.161051,CCS,60,60,2,996
BPCL,Govt.,Tamil Nadu,CHENNAI,CHENNAI,"DOOR NO 355 CEMENT ROAD, ALANDUR, , City=CHENNAI, District=CHENNAI,
State=Tamil Nadu",12.994312,80.187062,CCS,25,25,1,998
BPCL,Govt.,Tamil Nadu,CHENNAI,"NESAPAKKAM, CHENNAI","DOOR NO. 3A, TIRUVALLUR SALAI, NESAPAKKAM, , City=NESAPAKKAM,
CHENNAI, District=CHENNAI, State=Tamil Nadu",13.037699,80.191883,LEV DC,15,7,1,998
BPCL,Govt.,Tamil Nadu,CHENNAI,"NESAPAKKAM, CHENNAI","DOOR NO. 3A, TIRUVALLUR SALAI, NESAPAKKAM, , City=NESAPAKKAM,
CHENNAI, District=CHENNAI, State=Tamil Nadu",13.037699,80.191883,LEV DC,15,7,1,998
BPCL,Govt.,Tamil Nadu,CHENNAI,NEELANGARAI,"DOOR NO. 4/80A, EAST COAST ROAD,, , City=NEELANGARAI,
District=KANCHEEPURAM, State=Tamil Nadu",12.947066,80.253958,CCS,60,60,2,998
BPCL,Govt.,Tamil Nadu,CHENNAI,CHENNAI,"ENNORE COASTAL HIGHWAY, THIRUVOTTIYUR, , City=CHENNAI,
District=CHENNAI, State=Tamil Nadu",13.147178,80.301422,CCS,60,60,2,998
BPCL,Govt.,Tamil Nadu,CHENNAI,CHENNAI,"NEW NO 57 (OLD 33) ARCOT ROAD, KODAMBAKKAM, , City=CHENNAI,
District=CHENNAI, State=Tamil Nadu",13.053597,80.226414,CCS,120,120,2,1001
BPCL,Govt.,Tamil Nadu,CHENNAI,CHENNAI,"NEW SY NO 136/5, BLOCK NO 5, GANTZ ROAD, , City=CHENNAI,
District=CHENNAI, State=Tamil Nadu",13.108604,80.260424,CCS,60,60,2,1001
BPCL,Govt.,Tamil Nadu,CHENNAI,CHENNAI,"NO.16,POONAMALLEE HIGH ROAD, KOYAMBEDU, , City=CHENNAI,
District=CHENNAI, State=Tamil Nadu",13.14244,80.21964,CCS,60,60,2,1002
BPCL,Govt.,Tamil Nadu,CHENNAI,CHENNAI,"NO.355-B1 & C, SEASHORE TOWN LAYOUT, EAST COAST ROAD, PANNAIYUR,
, City=CHENNAI, District=CHENNAI, State=Tamil Nadu",12.881746,80.245135,CCS,120,120,2,1002
BPCL,Govt.,Tamil Nadu,CHENNAI,"TIRUMULLAIVOIL
(NH205)","NO.480-6B, TIRUMULLAIVOIL VILLAGE, , City=TIRUMULLAIVOIL (NH205),
District=CHENNAI, State=Tamil Nadu",13.124304,80.143193,LEV DC,15,7,1,1002
BPCL,Govt.,Tamil Nadu,CHENNAI,"TIRUMULLAIVOIL
(NH205)","NO.480-6B, TIRUMULLAIVOIL VILLAGE, , City=TIRUMULLAIVOIL (NH205),
District=CHENNAI, State=Tamil Nadu",13.124304,80.143193,LEV DC,15,7,1,1002
BPCL,Govt.,Tamil Nadu,CHENNAI,"THURAIPAKKAM,
CHENNAI","NO.5/317,RAJIV GANDHI SALAI, SHOLLINGANALLUR, , City=THURAIPAKKAM,
CHENNAI, District=CHENNAI, State=Tamil Nadu",12.924718,80.230252,CCS,120,120,2,1002
BPCL,Govt.,Tamil Nadu,CHENNAI,"KALLIKUPPAM,
AMBATTUR","NO.56, REDHILLS ROAD, KORATTUR VILLAGE, , City=KALLIKUPPAM,
AMBATTUR, District=CHENNAI, State=Tamil Nadu",13.132371,80.167479,CCS,60,60,2,1002
BPCL,Govt.,Tamil Nadu,CHENNAI,CHENNAI,"OPP.CENTRAL WAREHOUSING CORPN.LTD., MADHAVARAM TRUCK
TERMINAL, , City=CHENNAI, District=CHENNAI, State=Tamil Nadu",13.147123,80.221567,CCS,60,60,2,1003
BPCL,Govt.,Tamil Nadu,CHENNAI,CHENNAI,"REDHILLS, MADHAVARAM HIGH ROAD, VADAGARAI, , City=CHENNAI,
District=CHENNAI, State=Tamil Nadu",13.186228,80.194672,CCS,60,60,2,1004
BPCL,Govt.,Tamil Nadu,CHENNAI,CHENNAI,"S.NO. 1/3, MASILAMANI NAGAR, MADHAVARAM TO REDHILLLS HIGH ROAD,
, City=CHENNAI, District=CHENNAI, State=Tamil Nadu",13.161877,80.225161,CCS,60,60,2,1006
BPCL,Govt.,Tamil Nadu,CHENNAI,CHENNAI,"SURVEY NO.3841, MANALI ROAD, , City=CHENNAI, District=CHENNAI,
State=Tamil Nadu",13.125592,80.273216,LEV DC,15,7,1,1011
BPCL,Govt.,Tamil Nadu,CHENNAI,CHENNAI,"SURVEY NO.3841, MANALI ROAD, , City=CHENNAI, District=CHENNAI,
State=Tamil Nadu",13.125592,80.273216,LEV DC,15,7,1,1011
